code,entryYmd,exitYmd,reason,entry,exit,t1Fill,stop,t1,t2,pnlPct,score,grade,condMet,t1Hit
105560,20230825,20230926,ma5_close,52500,55700,56263,49638,56263,60238,6.17,76,B,0,true
105560,20231010,20231026,stop,56900,53641,,53641,60041,63881,-6.13,71,B,0,false
105560,20240305,20240327,time,70500,69000,,62050,79425,89850,-2.55,80,A,0,false
105560,20240423,20240502,trail,70500,72540,76900,63175,76900,85135,5.53,85,B,0,true
105560,20240614,20240709,trail,80400,83700,87309,74609,87309,94929,5.89,83,B,0,true
105560,20240729,20240805,stop,87900,77400,,79512,95837,105632,-12.32,73,B,0,false
105560,20240814,20240904,time,84800,83600,,78407,96157,106807,-1.84,71,B,0,false
105560,20241121,20241205,stop,96100,87255,,87255,103880,113855,-9.59,70,B,0,false
105560,20250624,20250704,ma5_close,109400,112100,117249,99299,117249,128019,4.37,77,B,0,true
105560,20250716,20250728,stop,117500,112210,,112210,130685,141770,-4.91,75,B,0,false
105560,20250807,20250818,stop,115100,107551,,107551,126876,138471,-6.96,75,B,0,false
105560,20250911,20251001,time,117000,116300,,111585,126622.5,135645,-1.03,70,B,0,false
105560,20251016,20251110,t2,112300,130600,122050,107800,122050,130600,12.01,71,B,0,true
105560,20251202,20251222,time,128800,126500,,116702,141152,155822,-2.21,70,B,0,false
105560,20260106,20260127,t2,127700,142612,134797,121772,134797,142612,8.15,83,A,0,true
105560,20260413,20260504,time,156800,157800,,144705,178692.5,199085,0.21,80,B,0,false
105560,20260526,20260528,stop,160100,148961,,148961,173186,187721,-7.36,79,B,0,false
105560,20260604,20260608,trail,156600,163401,171774,143024,171774,189024,6.56,74,B,0,true
105560,20260826,20260917,eod_open,165700,179000,,153408,186558,206448,7.56,73,B,0,false
108490,20250623,20250624,trail,61500,76167,77265,53490,77265,91530,24.21,82,A,0,true
108490,20250710,20250716,trail,72500,85100,91235,60510,91235,109670,21.09,80,B,0,true
108490,20250812,20250820,stop,88500,77890,,77890,104665,120730,-12.37,71,B,0,false
108490,20251201,20251208,trail,238500,289500,306865,184590,306865,380230,24.49,71,B,0,true
108490,20260116,20260202,trail,273500,331000,316346.5,232409,316346.5,366709,17.84,83,A,0,true
108490,20260226,20260304,stop,294500,240000,,248096,365471,435896,-18.86,84,B,0,false
112040,20240111,20240116,stop,65800,55688,,55688,77588,90728,-15.73,73,B,0,false
115440,20260114,20260202,trail,7540,7709.7,8269.5,6877,8269.5,9105,5.51,71,B,0,true
115440,20260527,20260601,stop,15900,11663,,11663,22155.5,28451,-26.96,71,B,0,false
131290,20240305,20240325,time,58700,56000,,51935,70097.5,80995,-5.01,77,B,0,false
131290,20240523,20240527,stop,75300,61769,,61769,91369,109129,-18.32,76,B,0,false
131290,20251107,20251121,stop,53000,48150,,48945,62082.5,69965,-9.54,82,A,0,false
131290,20260120,20260129,trail,63500,77190,75550,57800,75550,86200,19.75,82,A,0,true
131290,20260402,20260417,t2,120100,179040,148920,98720,148920,179040,35.95,79,B,0,true
131290,20260901,20260911,trail,230000,291000,305651,189601,305651,375281,29.15,73,B,0,true
140430,20250609,20250617,stop,2730,2386.5,,2386.5,3245.25,3760.5,-12.96,80,A,0,false
141080,20231010,20231018,stop,37800,34003,,34003,43065.5,48503,-10.43,71,B,0,false
141080,20231031,20231109,trail,36800,42547.5,41272,33097,41272,46177,13.4,73,B,0,true
141080,20240214,20240226,trail,50500,56400,59539.5,45127,59539.5,68187,14.3,80,A,0,true
141080,20240424,20240522,time,68000,68500,,59227,78352,89827,0.3,78,B,0,false
141080,20240704,20240710,trail,71700,81096,81785,62435,81785,93395,13.1,71,B,0,true
141080,20240724,20240805,stop,82400,73790,,73790,95065,107830,-10.83,73,B,0,false
141080,20240808,20240904,time,88900,86600,,77950,107075,124550,-3.01,71,B,0,false
141080,20240920,20241015,t2,96100,126000,111450,87200,111450,126000,23.01,72,B,0,true
141080,20250610,20250704,trail,110300,120620.99999999999,124300,99101,122976,137301,10.55,78,B,0,true
141080,20250805,20250901,time,139800,140300,,123225,161175,183945,-0.07,74,B,0,false
141080,20250924,20250925,stop,159100,147280,,147280,179830,199360,-7.83,77,B,0,false
141080,20251002,20251016,stop,148500,132354,,132354,166904,187634,-11.26,72,B,0,false
141080,20260108,20260114,stop,182900,163130,,163130,199742.5,221710,-11.19,78,B,0,false
145020,20231115,20231207,time,149700,147300,,135890,163165,179530,-2.03,71,B,0,false
145020,20240103,20240119,ma5_close,151200,160200,166423,142023,166423,181063,7.55,70,B,0,true
145020,20240202,20240213,stop,162000,147742,,147742,177842,195902,-9.19,76,B,0,false
145020,20240215,20240304,t2,162900,199800,177338,146563,177338,195803,15.26,75,B,0,true
145020,20240328,20240502,trail,195800,210500,218768,175293,218768,244853,9.15,70,B,0,true
145020,20240521,20240611,t1+t2,208000,261491,243000,189011,234311,261491,20.75,87,B,0,true
145020,20240702,20240722,time,232000,220000,,199430,273930,318630,-5.58,70,B,0,false
145020,20240819,20240904,stop,279000,237150,,237150,324275,376550,-15.37,73,B,0,false
145020,20240920,20240930,stop,264500,240588,,240588,298838,333788,-9.43,72,B,0,false
145020,20241007,20241018,trail,259000,279930,287822,228447,287822,323447,9.13,77,B,0,true
145020,20250430,20250523,time,366500,359500,,335400,421900,473800,-2.33,70,B,0,false
145020,20250611,20250701,time,365500,364000,,332350,410225,456950,-0.84,78,B,0,false
145020,20250704,20250724,time,377000,338000,,332369,427869,485169,-10.73,82,B,0,false
145020,20260123,20260130,trail,260000,286905,292125,230250,292125,329250,10.87,75,B,0,true
145020,20260212,20260304,stop,274500,248100,,248100,342850,399700,-10.01,73,B,0,false
158430,20260507,20260514,stop,8710,7254,,7254,11619,14238,-17.07,71,B,0,false
161890,20240430,20240514,trail,49300,53196,55700,46416,55653.5,61196,9.97,78,B,0,true
161890,20240613,20240703,time,69000,61900,,60420,77370,87540,-10.68,70,B,0,false
161890,20240724,20240805,stop,62900,56550,,56550,74200,84790,-10.48,71,B,0,false
161890,20241101,20241108,stop,71200,64910,,64910,79485,88230,-9.23,76,B,0,false
161890,20250224,20250318,ma5_close,57900,65600,65468,56218,65468,71018,12.7,72,B,0,true
161890,20250402,20250423,ma5_close,65200,72700,73000,59999,72724,80359,11.25,74,B,0,true
161890,20250604,20250613,ma5_close,85500,88300,92222,77722,92222,100922,5.11,75,B,0,true
161890,20250807,20250808,stop,100900,92757,,92757,111282,122397,-8.47,72,B,0,false
161890,20260210,20260304,stop,73500,68280,,68280,79330,85960,-7.5,75,B,0,false
161890,20260313,20260427,t2,69800,93300,83200,65335,82435,92695,25.89,72,B,0,true
161890,20260805,20260814,trail,100700,133920,129645,87020,129645,155220,30.3,79,B,0,true
163730,20250605,20250610,trail,12350,14630,14290,11257,14264.5,16069,16.58,80,A,0,true
163730,20250721,20250801,stop,14340,12166,,12166,17226,20262,-15.52,84,A,0,false
163730,20250806,20250827,time,13360,12570,,11785,15805,18217,-6.32,81,A,0,false
187660,20260409,20260429,time,13650,12100,,10017,19402,25033,-11.74,88,A,0,false
192410,20240730,20240820,time,26500,23000,,18787,38069.5,49639,-13.58,70,B,0,false
192650,20230830,20230918,trail,12150,13485,14481,10836,14481,16668,14.59,76,B,0,true
192650,20260128,20260130,trail,7560,7839.9,8300,7014,8279,9038,6.29,75,B,0,true
192650,20260213,20260227,stop,8660,7798,,7798,9978,11286,-10.34,70,B,0,false
195870,20230831,20230920,time,68200,61700,,60098,75998,85538,-9.92,78,B,0,false
195870,20240122,20240124,stop,57200,52445,,52445,63920,70805,-8.71,74,B,0,false
195870,20250731,20250731,stop,25600,24447,,24447,30172,33607,-4.91,73,B,0,false
195870,20251215,20260107,time,50400,50800,,46507,62157,71547,0.36,87,B,0,false
195870,20260116,20260202,trail,56300,62774.99999999999,66945,48370,66945,78090,14.71,82,B,0,true
195870,20260225,20260304,stop,66000,56310,,56310,79285,93070,-15.05,80,A,0,false
196170,20230823,20230912,t2,46500,59939,52634,40459,52634,59939,20.53,77,B,0,true
196170,20231031,20231130,trail,62500,77004,78526,50526,78526,95326,23.89,77,B,0,true
196170,20240214,20240223,t1+t2,84500,123770,119800,74210,105185,123770,43.51,75,B,0,true
196170,20240502,20240607,t2,176400,245000,208220,149045,208220,243725,27.91,70,B,0,true
196170,20240823,20240925,trail,286000,338055,360673,255798,360673,423598,21.63,70,B,0,true
196170,20241007,20241101,time,356000,356500,,323100,405350,454700,-0.29,70,B,0,false
196170,20241105,20241113,trail,390500,423615,438895,346145,438895,494545,9.96,74,B,0,true
196170,20250228,20250319,trail,396500,427335,440021,354021,440021,491621,8.91,73,B,0,true
196170,20250703,20250718,t2,391500,501811,447136,356011,447136,501811,20.67,76,B,0,true
196170,20250908,20250926,time,489000,447000,,437900,531900,588300,-8.98,70,B,0,false
196170,20251010,20251016,stop,468000,440147,,440147,538272,597147,-6.36,76,B,0,false
196170,20251028,20251105,trail,484000,523589.99999999994,538400,446900,538400,593300,9.24,76,B,0,true
196170,20260528,20260605,stop,385500,333925,,333925,465362.5,544225,-13.75,85,A,0,false
196170,20260821,20260908,stop,325000,279000,,279000,430250,521000,-14.52,72,B,0,false
207940,20231129,20231219,time,727000,704000,,697836,763336,802636,-3.58,75,B,0,false
207940,20240124,20240207,ma5_close,797000,826000,855100,761600,855100,911200,5.01,70,B,0,true
207940,20240311,20240321,stop_be,842000,842000,879259,778759,879259,939559,1.77,77,B,0,true
207940,20240807,20240905,time,927000,935000,,864300,1023550,1119100,0.43,76,B,0,false
207940,20240910,20240925,ma5_close,973000,1047000,1051474,902224,1051474,1141024,7.37,70,B,0,true
207940,20241015,20241104,time,1035000,1017000,,952890,1130890,1237690,-2.16,72,B,0,false
207940,20250711,20250715,stop,1067000,1035000,,1035000,1147500,1215000,-3.42,72,B,0,false
207940,20250731,20250821,time,1095000,1017000,,999129,1159879,1256329,-7.52,75,B,0,false
207940,20260106,20260119,ma5_close,1720000,1921000,1858147,1626522,1858147,1997122,9.39,87,A,0,true
207940,20260126,20260202,stop,1805000,1727616,,1727616,1995366,2156016,-4.7,71,B,0,false
207940,20260810,20260831,time,1556000,1518000,,1405800,1781300,2006600,-2.86,71,B,0,false
210980,20231227,20240118,stop,31100,27874,,27874,35511.5,40094,-10.76,74,B,0,false
214450,20240430,20240603,time,129800,130700,,110330,155755,183010,0.26,79,B,0,false
214450,20240614,20240704,time,139900,135800,,119434,161384,186554,-3.35,92,A,0,false
214450,20240709,20240729,time,147600,138400,,128305,167330,190745,-6.64,73,B,0,false
214450,20240802,20240805,stop,146400,131373,,131373,164773,184813,-10.65,75,B,0,false
214450,20240807,20240821,ma5_close,145200,182000,168019,127719,168019,192199,20.01,74,B,0,true
214450,20241007,20241023,trail,204000,221339.99999999997,235665,177890,235665,270330,11.53,76,B,0,true
214450,20250205,20250213,trail,251500,273420,287557,230307,287557,321907,11.05,71,B,0,true
214450,20250228,20250318,trail,297500,320850,340675,274550,340675,380350,10.7,71,B,0,true
214450,20250402,20250407,stop,350000,318000,,318050,397925,445850,-9.53,70,B,0,false
214450,20250624,20250711,trail,493000,555210,571300,435800,571300,652600,13.76,77,B,0,true
214450,20250807,20250818,ma5_close,610000,668000,673300,547800,673300,748600,9.47,72,B,0,true
214450,20250909,20250915,stop,689000,617705,,617705,766455,855705,-10.73,82,B,0,false
214450,20260724,20260831,trail,353000,432915,447225,301850,447225,534450,24.13,75,B,0,true
219130,20240429,20240516,trail,36550,40900,44177.5,31215,44177.5,51955,15.89,71,B,0,true
219130,20260225,20260227,stop,34850,29739.5,,29739.5,44258.25,52969.5,-15.03,75,B,0,false
219130,20260713,20260729,stop,72300,55660,,55660,97260,122220,-23.35,81,A,0,false
219130,20260806,20260827,time,70600,62600,,56800,97550,122000,-11.71,79,B,0,false
222800,20230904,20230908,stop,39000,35615,,35615,43327.5,47955,-9.07,73,B,0,false
222800,20240124,20240126,stop,39000,36381,,36381,44193.5,48881,-7.12,70,B,0,false
222800,20240521,20240611,time,34400,31900,,31360,37460,41120,-7.67,71,B,0,false
222800,20240701,20240718,stop,35850,32039,,32039,39439,43879,-11.01,84,B,0,false
222800,20250313,20250402,time,20950,19210,,16582,26252,32054,-8.7,80,B,0,false
222800,20250716,20250723,stop,25750,22825,,22825,29512.5,33525,-11.74,76,B,0,false
222800,20250731,20250813,trail,23500,26551.5,27161.5,21249,27161.5,30709,13.79,76,B,0,true
222800,20250828,20250916,t2,25100,33862.5,29900,23112.5,29831.25,33862.5,26.47,73,B,0,true
222800,20251118,20251209,time,54300,53700,,47164,75464,92444,-1.53,74,B,0,false
222800,20260227,20260304,stop,53000,47743,,47743,66818,78263,-10.31,75,B,0,false
226950,20250317,20250404,time,49900,43000,,36782,68432,87422,-14.2,76,B,0,false
226950,20250507,20250509,stop,50900,43955,,43955,64067.5,76135,-14.02,71,B,0,false
226950,20251013,20251103,trail,94000,112529.99999999999,112960,80335,112960,132535,19.43,80,B,0,true
226950,20251211,20260112,trail,134900,149730,160613,112213,160613,189653,14.53,76,B,0,true
226950,20260128,20260206,stop,147800,120800,,127210,183935,217970,-18.62,77,B,0,false
226950,20260225,20260303,t2,145000,207085,175442.5,122705,175442.5,207085,31.34,76,B,0,true
226950,20260417,20260511,time,179600,170400,,145640,225965,274160,-5.53,80,A,0,false
226950,20260528,20260608,stop,180000,135000,,143392,225492,274752,-25.32,72,B,0,false
229640,20231124,20231128,trail,12260,13745.4,14680.5,10413,14680.5,17241,15.43,75,B,0,true
229640,20240208,20240214,trail,19500,20900,23290,18265,23290,26305,12.82,75,B,0,true
229640,20250917,20251014,time,40250,39350,,36511,43448.5,47611,-2.66,81,A,0,false
229640,20251016,20251031,ma5_close,44750,46100,48912.5,40225,48912.5,54125,5.7,71,B,0,true
229640,20260212,20260304,stop,44500,39685,,39685,51097.5,57945,-11.2,73,B,0,false
229640,20260522,20260529,stop,91700,67725,,67725,121912.5,154425,-26.46,76,B,0,false
234300,20240129,20240205,trail,4035,4250.099999999999,4309.25,3675.5,4309.25,4689.5,5.61,72,B,0,true
240810,20240508,20240513,stop,37900,34557,,34557,43919.5,49537,-9.21,85,B,0,false
240810,20240801,20240805,stop,38200,31700,,33251,43051,48931,-17.37,79,B,0,false
240810,20250313,20250402,time,26400,24200,,23441,30028.5,33981,-8.73,87,B,0,false
240810,20250714,20250801,trail,28400,31550,33900,26110,31835,35270,14.73,76,B,0,true
240810,20250909,20250924,trail,40400,44400,46711,36411,46711,52891,12.28,72,B,0,true
240810,20251215,20251218,stop,60300,55864,,55864,71214,80424,-7.75,82,B,0,false
240810,20251223,20260102,t1+t2,62400,79582,70687,55862,70687,79582,19.89,78,B,0,true
240810,20260115,20260129,t2,76400,114100,93200,68550,92925,107550,35.08,71,B,0,true
240810,20260227,20260323,time,122000,116200,,101880,163430,200360,-5.16,72,B,0,false
240810,20260409,20260430,time,119000,117100,,103488,146013,171528,-2.02,78,B,0,false
240810,20260507,20260512,trail,130600,140895,146985,117010,146985,164970,9.74,78,B,0,true
240810,20260522,20260528,stop,126800,104826,,104826,152376,180906,-17.68,77,B,0,false
240810,20260716,20260724,stop,136600,103736,,103736,202023.5,260996,-24.38,83,A,0,false
247540,20250220,20250228,stop,136600,120270,,120270,157595,179990,-12.33,73,B,0,false
247540,20250714,20250801,time,106900,107300,,95380,119930,134660,-0.06,75,B,0,false
247540,20250915,20250924,stop,120000,117285,,117285,135997.5,147225,-2.68,72,B,0,false
247540,20251127,20251211,trail,150700,175770,178721,136871,178721,203831,17.11,71,B,0,true
247540,20260422,20260513,stop,222500,199855,,199855,251467.5,282435,-10.56,70,B,0,false
257720,20230919,20231016,trail,8620,9867.3,9915,7350,9915,11454,14.25,75,B,0,true
257720,20240319,20240328,ma5_close,9490,11410,11228,8123,11228,13091,18.76,82,A,0,true
257720,20240429,20240509,trail,13610,15670.499999999998,16151,11916,16151,18692,16.4,82,B,0,true
257720,20240712,20240801,time,48400,46000,,40122,59659.5,71382,-5.37,71,B,0,false
257720,20250117,20250203,stop,34100,29855,,29855,39967.5,46035,-12.82,72,B,0,false
257720,20250710,20250728,stop,54800,48870,,48870,67370,78470,-11.2,74,B,0,false
257720,20260224,20260226,stop,45000,41566,,41566,55941,64566,-8.03,72,B,0,false
263860,20250327,20250331,stop,11460,10624,,10624,12814,14128,-7.69,71,B,0,false
263860,20250612,20250616,stop,20300,18382,,18382,23552,26654,-9.84,75,B,0,false
267260,20231102,20231207,time,79600,80100,,70540,90940,103180,0.2,72,B,0,false
267260,20240205,20240220,t2,99600,127000,111754,89454,111754,125134,19.34,78,B,0,true
267260,20240509,20240607,time,262000,260000,,210310,332035,405070,-1.19,78,B,0,false
267260,20240628,20240718,time,317000,305000,,280600,376600,434200,-4.2,70,B,0,false
267260,20240821,20240905,stop,303000,249298,,249298,387423,470298,-18.08,76,B,0,false
267260,20241108,20241113,trail,347000,376000,397700,313200,397700,448400,11.01,71,B,0,true
267260,20241126,20241128,stop,382000,343700,,343700,450700,514900,-10.41,79,B,0,false
267260,20250117,20250120,stop,413500,383800,,383800,468050,518600,-7.58,74,B,0,false
267260,20250214,20250217,stop,400500,367313,,367313,462188,519113,-8.68,76,B,0,false
267260,20250716,20250812,time,472500,473500,,428970,542095,609970,-0.22,87,B,0,false
267260,20250825,20250915,t2,498000,602056,546256,453256,546256,602056,14.8,71,B,0,true
267260,20260105,20260120,trail,819000,880709.9999999999,919100,759100,919100,1015100,9.41,80,B,0,true
267260,20260205,20260206,stop,894000,811351,,811351,1030351,1161751,-9.63,77,B,0,false
267260,20260212,20260304,stop,997000,895300,,895300,1144550,1294100,-10.59,71,B,0,false
267260,20260319,20260330,stop,950000,871000,,871485,1163485,1338685,-8.71,71,B,0,false
267260,20260409,20260424,t2,991000,1292000,1136000,876000,1136000,1292000,21.98,74,B,0,true
277650,20240423,20240524,ma5_close,14675,15315,15355,14071.63,15347.56,16113.11,4.05,71,B,0,true
277650,20240604,20240627,time,15305,15440,,14885.13,16234.81,17044.61,0.45,82,B,0,false
277650,20240701,20240719,time,15630,15310,,15081.02,16448.47,17268.94,-2.47,75,B,0,false
277810,20240214,20240306,time,171600,172000,,155970,201295,228490,-0.2,71,B,0,false
277810,20250623,20250704,stop,284000,267575,,267575,323637.5,357275,-6.19,76,B,0,false
277810,20250912,20250924,trail,293500,298995,319150,268900,319150,349300,4.85,71,B,0,true
277810,20251013,20251031,t1+t2,318000,421300,376500,298900,375400,421300,24.9,80,B,0,true
277810,20251223,20260126,trail,477000,534000,556650,416400,556650,640800,13.83,82,B,0,true
277810,20260220,20260303,trail,710000,840720,898300,597800,898300,1078600,21.94,80,B,0,true
298040,20230901,20230911,stop,198300,173040,,173040,241690,282880,-13.11,81,B,0,false
298040,20231130,20231205,stop,212500,192000,,192000,242000,272000,-10.04,74,B,0,false
298040,20240513,20240520,trail,327000,373000,404550,270300,404550,485100,18.38,78,B,0,true
298040,20250327,20250328,stop,464500,431750,,431750,543625,610750,-7.45,74,B,0,false
298040,20250610,20250619,t2,676000,839400,752700,608200,752700,839400,17.25,70,B,0,true
298040,20250826,20250916,ma5_close,1234000,1381000,1444937,1079687,1444937,1664087,14.01,71,B,0,true
298040,20251013,20251023,t2,1480000,1846000,1672000,1382000,1672000,1846000,18.34,78,B,0,true
298040,20260223,20260304,stop,2700000,2319050,,2319050,3103925,3574850,-14.48,80,B,0,false
298040,20260409,20260428,t2,2909000,4120000,3498500,2551000,3498500,4067000,30.38,77,B,0,true
298040,20260522,20260605,stop,4050000,3393222,,3393222,4864222,5746822,-16.58,71,B,0,false
298380,20231205,20231226,t2,20550,24180,22365,19340,22365,24180,12.76,75,B,0,true
298380,20240131,20240207,stop,22950,20811,,20811,25823.5,28831,-9.71,70,B,0,false
298380,20240425,20240521,time,25200,25400,,22710,29060,32870,0.36,80,A,0,false
298380,20240730,20240805,stop,30250,26430,,26430,35730,41310,-13,75,B,0,false
298380,20240808,20240830,trail,29900,33500,36587.5,26275,36587.5,42775,16.7,76,B,0,true
298380,20240920,20241017,ma5_close,31500,40350,37855.5,26543,37855.5,44643,23.6,76,B,0,true
298380,20241105,20241113,stop,38950,33514,,33514,46089,53634,-14.33,72,B,0,false
298380,20250318,20250326,stop,39850,34517,,34517,49054.5,57777,-13.75,80,B,0,false
298380,20250704,20250704,stop,70000,64867,,64867,83667,94947,-7.73,72,B,0,false
298380,20260102,20260122,time,199800,179600,,171209,230309,265769,-10.5,70,B,0,false
298380,20260126,20260128,trail,203500,234359.99999999997,239978,173003,239978,280163,16.04,80,B,0,true
310210,20240702,20240711,t2,53000,73175,63087.5,46275,63087.5,73175,28,70,B,0,true
310210,20240812,20240904,time,77000,75500,,61962,95762,116042,-2.37,72,B,0,false
310210,20241105,20241118,stop,117000,102540,,102540,138690,160380,-12.74,70,B,0,false
310210,20250227,20250310,trail,114000,141453,137965,96690,137965,162730,22.03,80,B,0,true
310210,20250702,20250721,trail,114500,136431,139400,100295,132557.5,151915,19.93,72,B,0,true
310210,20251002,20251027,t2,166200,214420,194800,148260,189610,214420,22.58,82,B,0,true
310210,20251229,20260107,stop,230000,195819,,195819,266631.5,309119,-15.23,78,B,0,false
310210,20260112,20260114,stop,225500,202585,,202585,272372.5,314245,-10.55,76,B,0,false
316140,20231019,20231027,stop,12630,12110.75,,12110.75,13208.88,13867.75,-4.52,72,B,0,false
316140,20231107,20240104,time,12490,12470,,11964,13189,13924,-0.59,72,B,0,false
316140,20240220,20240311,stop,15070,14170,,14170,16395,17730,-6.38,77,B,0,false
316140,20240315,20240401,stop,15170,13907,,13907,16102,17419,-8.72,85,A,0,false
316140,20240701,20240724,time,14660,14670,,13857,15177,15969,-0.36,71,B,0,false
316140,20240729,20240730,stop,16110,15543,,15543,17135.5,18091,-3.93,73,B,0,false
316140,20240816,20240827,ma5_close,15430,16280,16824,14074,16824,18474,6.81,81,B,0,true
316140,20241011,20241028,stop_be,16040,16040,17027.5,15050,17027.5,18214,2.64,70,B,0,true
316140,20250320,20250407,stop,16680,16050,,16151,17648.5,18547,-4.19,75,B,0,false
316140,20250416,20250519,ma5_close,16350,17840,17519.25,15695.5,17519.25,18613.5,7.67,73,B,0,true
316140,20250526,20250604,t2,18050,19830,18814.49,17250.34,18814.49,19752.98,6.59,70,B,0,true
316140,20250807,20250828,time,24900,24800,,23691,27878.5,30391,-0.83,79,B,0,false
316140,20250909,20250926,ma5_close,24400,26200,25849,23299,25849,27379,6.2,74,B,0,true
316140,20251021,20251111,time,25900,26050,,24131,27368.5,29311,0.15,76,B,0,false
316140,20251223,20260115,time,28450,28000,,26336,30061,32296,-2,82,B,0,false
316140,20260121,20260202,ma5_close,28200,30100,30087,27012,30087,31932,6.26,71,B,0,true
316140,20260413,20260504,time,33750,33300,,30425,37150,41185,-1.76,72,B,0,false
316140,20260827,20260917,eod_open,33250,36250,,30846,37283.5,41146,8.55,79,B,0,false
319660,20240214,20240229,t1+t2,21350,25315,23197,19667,23197,25315,13.12,78,B,0,true
319660,20240521,20240621,trail,32250,34503,36295,28720,36295,40840,9.29,71,B,0,true
319660,20240701,20240717,stop,36700,32970,,32970,41670,46890,-10.55,78,B,0,false
319660,20250220,20250228,stop,21850,19350,,19499,24376.5,27303,-11.82,71,B,0,false
319660,20250318,20250325,trail,19950,21157.5,22415,17555,22415,25331,8.74,75,B,0,true
319660,20250704,20250709,stop,19820,18401,,18401,21711,23697,-7.56,82,A,0,false
319660,20250714,20250801,trail,19810,20181,21700,18056,21603.5,23732,5.25,82,A,0,true
319660,20250811,20250902,trail,21600,23250,23727.25,19598.5,23727.25,26204.5,8.28,76,B,0,true
319660,20250910,20250919,t2,25200,31350,27514.5,22907,27514.5,30279,16.29,70,B,0,true
319660,20251016,20251105,trail,32800,36950,39097.5,29435,39097.5,44895,15.43,75,B,0,true
319660,20251107,20251114,stop,39000,35220,,35220,47170,54340,-10.08,72,B,0,false
319660,20260128,20260130,trail,48200,53940,57100,42095,54982.5,62715,14.69,71,B,0,true
319660,20260417,20260508,trail,86900,102160.5,109450,75700,109450,129700,21.23,77,B,0,true
328130,20230829,20230905,t1+t2,163600,229074,196284,141634,196284,229074,29.44,82,B,0,true
328130,20250218,20250220,stop,72700,62940,,62940,86090,99980,-13.8,76,B,0,false
328130,20260128,20260130,stop,44150,39810,,39810,50785,57370,-10.22,75,B,0,false
328130,20260210,20260304,stop,42850,37400,,37995,51257.5,59215,-13.09,74,B,0,false
329180,20240419,20240503,ma5_close,120400,133600,135329,111529,135329,149609,11.2,79,B,0,true
329180,20240524,20240702,ma5_close,131200,153300,153855,124655,153855,171375,16.55,70,B,0,true
329180,20250306,20250326,time,319500,288000,,276710,382835,446510,-10.25,70,B,0,false
329180,20250604,20250625,trail,423000,440819.99999999994,466444,378194,466444,519394,6.78,75,B,0,true
329180,20250912,20251010,time,513000,515000,,452471,570221,640871,-0.04,86,B,0,false
329180,20251114,20251204,time,555000,527000,,500834,671209,773434,-5.45,77,B,0,false
329180,20251210,20251218,stop,571000,504301,,504301,645051,729501,-12.06,72,B,0,false
329180,20260130,20260202,stop,587000,549780,,549780,685155,766380,-6.74,73,B,0,false
329180,20260224,20260304,stop,599000,551700,,551700,689950,772900,-8.29,71,B,0,false
329180,20260522,20260618,time,685000,684000,,579252,810752,949652,-0.57,85,B,0,false
332570,20240124,20240130,stop,3170,2893.5,,2893.5,3522.25,3899.5,-9.11,72,B,0,false
332570,20250320,20250324,stop,4215,3623.5,,3623.5,4932.25,5717.5,-14.4,85,A,0,false
332570,20251016,20251105,stop,6030,5078,,5078,7450.5,8874,-16.15,74,B,0,false
332570,20260204,20260206,stop,7630,6356,,6356,9931,12076,-17.06,78,B,0,false
336370,20240610,20240617,stop,18510,16684,,16684,20649,23028,-10.25,77,B,0,false
356680,20231122,20231207,trail,5230,6160,6472.25,4468.5,6472.25,7674.5,20.25,77,B,0,true
356680,20251013,20251015,trail,7900,8660,9429.25,6880.5,9429.25,10958.5,14,74,B,0,true
356680,20251023,20251024,trail,8080,9904.5,10068,7068,10068,11868,23.06,79,B,0,true
357580,20260227,20260316,trail,15280,24180,20881,11946,20881,26242,46.82,75,B,0,true
357780,20231103,20231123,ma5_close,247500,268500,278291,221166,278291,312566,9.99,72,B,0,true
357780,20231201,20240103,trail,277000,292020,305800,257800,305800,334600,7.45,75,B,0,true
357780,20240430,20240524,time,312000,304000,,279157,340407,377157,-2.98,82,B,0,false
357780,20240529,20240604,stop,343000,316900,,316900,383400,423300,-8.01,70,B,0,false
357780,20250714,20250723,ma5_close,191700,208500,214980,181180,214980,235260,9.98,73,B,0,true
357780,20250910,20250917,t2,222000,270836,245786,204036,245786,270836,15.86,78,B,0,true
357780,20251023,20251105,stop,268000,259283,,259283,332658,376683,-3.67,73,B,0,false
357780,20251112,20251118,stop,279000,256485,,256485,318360,355485,-8.46,84,B,0,false
357780,20260120,20260128,t2,307500,384950,350000,278350,344975,384950,18.99,70,B,0,true
357780,20260220,20260311,trail,418500,485459.99999999994,520625,353750,520625,620750,19.69,86,B,0,true
357780,20260409,20260424,trail,401000,451049.99999999994,480822,360697,480822,552897,15.69,80,B,0,true
357780,20260507,20260512,stop,467500,422050,,422050,531925,597850,-10.11,76,B,0,false
357780,20260514,20260515,stop,467000,408554,,408554,536929,613954,-12.89,79,B,0,false
368190,20260901,20260914,stop,8155,7610,,7680,8707.5,9324,-7.08,73,B,0,false
371950,20240612,20240620,trail,9440,11094.9,11259,8244,11259,13068,17.89,77,B,0,true
373220,20240322,20240403,stop,410500,386743,,386743,440618,472943,-6.19,81,B,0,false
373220,20240913,20241011,time,413500,411000,,381400,462900,511800,-1.03,72,B,0,false
373220,20241024,20241107,stop,411000,380623,,380623,457498,503623,-7.79,71,B,0,false
373220,20241126,20241216,time,417000,398000,,370906,467781,525906,-4.97,78,B,0,false
373220,20250722,20250730,t2,333000,396700,363850,309100,363850,396700,13.71,79,B,0,true
373220,20250912,20251010,trail,354500,367500,379119,325994,379119,410994,4.85,70,B,0,true
373220,20260417,20260427,ma5_close,415500,464000,458599,367349,458599,513349,10.55,82,B,0,true
373220,20260507,20260512,stop,482000,445950,,445950,536075,590150,-7.88,77,B,0,false
373220,20260529,20260608,stop,444500,388500,,392068,514818,588468,-12.97,74,B,0,false
377300,20231129,20240104,time,45950,45950,,42410,52385,58370,-0.43,78,B,0,false
377300,20250203,20250205,trail,26400,29250,29728,24928,29728,32608,11.22,79,B,0,true
377300,20250319,20250331,stop,32600,28970,,28970,37320,42330,-11.52,78,B,0,false
377300,20250711,20250714,stop,85100,69935,,69935,111847.5,136995,-18.17,73,B,0,false
377300,20250808,20250829,time,65500,59800,,54215,78940,93775,-9.09,89,A,0,false
377300,20260220,20260304,stop,65100,53644,,53644,79519,95044,-17.95,85,B,0,false
377300,20260901,20260916,stop,46800,40822.5,,40822.5,54891.25,63332.5,-13.15,77,B,0,false
388790,20231102,20231122,time,2930,2680,,2414,3934,4846,-8.93,71,B,0,false
388790,20260210,20260213,trail,2855,3106.2,3304.25,2555.5,3304.25,3753.5,11.78,75,B,0,true
393210,20250314,20250331,stop,6610,5510,,5515.5,8251.75,9893.5,-17,70,B,0,false
393210,20250619,20250709,time,7600,7040,,6798,8778,9966,-7.77,75,B,0,false
402340,20231129,20231219,time,50300,49850,,47340,54490,58780,-1.32,80,A,0,false
402340,20240202,20240206,t2,54500,62240,57920,50720,57920,62240,9.77,75,B,0,true
402340,20240311,20240315,stop,72100,68280,,68280,85080,95160,-5.7,80,B,0,false
402340,20240322,20240419,time,77000,76100,,70590,86615,96230,-1.59,80,B,0,false
402340,20240425,20240425,stop,82700,77400,,77400,97650,109800,-6.81,75,B,0,false
402340,20240514,20240604,time,81700,77300,,71627,92602,105187,-5.79,72,B,0,false
402340,20240610,20240611,trail,88100,89400,98345,80270,98345,109190,6.09,75,B,0,true
402340,20241111,20241113,stop,93800,86260,,86260,108360,121620,-8.43,72,B,0,false
402340,20241125,20241128,stop,87200,78309,,78309,100734,114189,-10.58,71,B,0,false
402340,20250220,20250225,stop,102500,94770,,94770,118595,132890,-7.94,75,B,0,false
402340,20250313,20250327,trail,92100,95800,103078,83528,103078,114808,7.5,70,B,0,true
402340,20250709,20250725,stop,171300,150500,,151100,205600,238300,-12.52,76,B,0,false
402340,20251104,20251105,stop,278500,243000,,243000,341750,401000,-13.12,70,B,0,false
402340,20260225,20260304,stop,630000,535950,,535950,738575,860150,-15.29,73,B,0,false
402340,20260319,20260327,stop,606000,528000,,533600,774600,919200,-13.25,70,B,0,false
402340,20260409,20260428,t2,572000,829025,703512.5,494325,703512.5,829025,33.39,82,B,0,true
403870,20231103,20231123,time,35800,35750,,30775,42087.5,48875,-0.57,70,B,0,false
403870,20231129,20231204,trail,41000,45663,47157.5,37145,47157.5,53165,12.71,71,B,0,true
403870,20240213,20240214,trail,49400,57500,57492.5,43255,57492.5,66035,15.89,78,B,0,true
403870,20240307,20240327,stop,58700,49665,,49665,70502.5,83005,-15.76,70,B,0,false
403870,20250220,20250224,stop,33350,29415,,29415,38127.5,43355,-12.18,73,B,0,false
403870,20250729,20250731,trail,25850,26644.5,27774.5,23587,27774.5,30287,4.81,71,B,0,true
403870,20250807,20250828,time,26750,25350,,23792,29242,32512,-5.64,81,B,0,false
403870,20260119,20260129,trail,35400,40920,41360,32010,41360,46970,15.72,74,B,0,true
403870,20260220,20260304,stop,46250,39737.5,,39737.5,56018.75,65787.5,-14.45,75,B,0,false
403870,20260409,20260428,trail,45150,53382,55680.5,39093,55680.5,65633,20.26,81,B,0,true
411080,20250219,20250311,stop,9640,7640,,7719,12171.5,14843,-21.09,71,B,0,false
411080,20250516,20250610,time,8760,8760,,7305,10542.5,12485,-0.43,70,B,0,false
411080,20250612,20250616,stop,9040,8281,,8281,10178.5,11317,-8.79,79,B,0,false
411080,20250619,20250630,stop,9280,8480,,8486,10321,11422,-9.01,76,B,0,false
413630,20250905,20250909,t2,1885,2710.1,2278.55,1559.3,2278.55,2710.1,31.76,72,B,0,true
413630,20260827,20260917,eod_open,3930,4480,5153.25,2959.5,5153.25,6469.5,13.51,80,A,0,true
417200,20251215,20260102,stop,13350,11865,,11865,15027.5,16925,-11.51,78,B,0,false
417200,20260106,20260202,trail,13500,16461,15893.5,12171,15893.5,18127,19.32,83,A,0,true
417200,20260224,20260304,stop,16740,14638,,14638,19993,23206,-12.93,77,B,0,false
417200,20260406,20260428,trail,21000,26458.5,27507.5,16250,27507.5,34262,27.94,74,B,0,true
424870,20251016,20251022,stop,6600,5907,,5907,7714.5,8799,-10.88,76,B,0,false
424870,20251028,20251111,stop,6190,5303,,5303,7325.5,8539,-14.7,79,B,0,false
424870,20251230,20260105,stop,14550,11750,,11960,18585,22560,-19.59,71,B,0,false
439580,20250917,20251013,stop,6060,5206,,5206,6978.5,8042,-14.46,80,A,0,false
439860,20240307,20240327,time,108395,108715,,104291.41,113747.89,119421.77,-0.14,72,B,0,false
440110,20240607,20240613,trail,19200,20739,21673,17718,21673,24046,9.97,71,B,0,true
440110,20251103,20251121,time,25550,22300,,21465,31302.5,37205,-13.1,70,B,0,false
440110,20260409,20260428,trail,55700,76446,73566.5,45004,73566.5,90704,34.08,80,B,0,true
440110,20260623,20260623,stop,115900,92190,,92190,151465,187030,-20.8,72,B,0,false
443670,20250117,20250210,trail,9230,10853.099999999999,11397,8252,11397,13284,20.01,74,B,0,true
449690,20240322,20240405,ma5_close,12400,12850,12770,11661.06,12718.41,13352.82,2.86,79,B,0,true
449690,20240430,20240523,time,12670,12690,,12412.8,13538.3,14213.6,-0.27,77,B,0,false
449690,20240610,20240620,t2,13080,14209.18,13835,12408.94,13534.09,14209.18,6.74,82,B,0,true
449690,20250710,20250801,ma5_close,16405,16810,17189.43,15760.38,17189.43,18046.86,3.18,78,B,0,true
452260,20240215,20240221,t2,1368,1844.1,1607.55,1213.3,1607.55,1844.1,25.61,72,B,0,true
452260,20260409,20260427,t2,2500,3585,3047.75,2241.5,3047.75,3531.5,32.09,78,B,0,true
452280,20240621,20240702,stop,11630,9755,,9755,15042.5,18215,-16.48,80,A,0,false
452280,20240923,20241002,stop,13480,10880,,10883,16895.5,20503,-19.63,73,B,0,false
452430,20260126,20260213,time,35400,34150,,29966,42391,49846,-3.95,73,B,0,false
457370,20260223,20260303,stop,10630,9472,,9472,12092,13664,-11.28,75,B,0,false
465770,20240801,20240821,stop,13870,11800,,11812,17282,20564,-15.29,71,B,0,false
465770,20260901,20260904,trail,3155,3810,4480.5,2263,4480.5,5811,30.82,72,B,0,true
468530,20251226,20260114,stop,106700,87570,,87570,137395,167290,-18.28,72,B,0,false
475460,20250604,20250708,t1+t2,12950,18179,15564.5,11207,15564.5,18179,29.72,81,B,0,true
000150,20230825,20230912,trail,111100,141174,134155,98230,134155,155710,23.38,76,B,0,true
000150,20240220,20240227,stop,98000,90410,,90410,109385,120770,-8.14,80,A,0,false
000150,20240430,20240524,trail,146200,185535,175828,123078,175828,207478,23.05,89,B,0,true
000150,20240701,20240715,trail,216500,238500,263500,187566,250291,287926,15.44,79,B,0,true
000150,20250313,20250331,stop,349500,282500,,291871,413308.5,486171,-19.52,79,B,0,false
000150,20250709,20250728,stop,615000,531189,,531189,740564,866189,-14,71,B,0,false
000150,20250730,20250820,stop,557000,490500,,517239,673239,766839,-12.32,73,B,0,false
000150,20251010,20251021,t2,608000,774371,686171,539171,686171,774371,19.59,80,B,0,true
000150,20251208,20251218,stop,921000,786878,,786878,1111878,1306878,-14.93,72,B,0,false
000150,20260205,20260206,stop,881000,805600,,805600,1046600,1191200,-8.95,74,B,0,false
000150,20260212,20260224,trail,911000,1067640,1084800,806800,1084800,1251600,17.63,73,B,0,true
000150,20260409,20260506,t2,1192000,1820000,1480450,1019700,1480450,1756900,37.85,84,A,0,true
000150,20260527,20260602,trail,1804000,2115000,2166050,1524300,2166050,2551100,18.14,75,B,0,true
000250,20240311,20240325,t1+t2,83000,107700,103000,72500,94500,107700,26.38,71,B,0,true
000250,20240425,20240527,time,107500,107100,,92486,143011,173326,-0.8,73,B,0,false
000250,20240603,20240619,t2,117800,163010,141155,104730,141155,163010,28.55,75,B,0,true
000250,20250225,20250319,time,185900,180500,,159368,221193,258288,-3.32,76,B,0,false
000250,20250324,20250328,stop,189000,170759,,170759,220809,250839,-10.04,77,B,0,false
000250,20250718,20250724,t2,171800,218570,194435,154210,194435,218570,19.68,78,B,0,true
000250,20250905,20250922,t2,202000,245270,222635,184910,222635,245270,15.32,78,B,0,true
000250,20251028,20251118,time,221000,222000,,203290,260065,294130,0.02,80,A,0,false
000250,20251222,20251226,stop,242000,213150,,213150,277775,316550,-12.3,80,B,0,false
000250,20260105,20260119,trail,241000,271560,282450,219200,282450,320400,14.45,75,B,0,true
000270,20231130,20231221,t2,85800,95810,90905,82730,90905,95810,8.34,77,B,0,true
000270,20240126,20240202,t2,94600,110000,99414,86814,99414,106974,10.21,70,B,0,true
000270,20240528,20240621,ma5_close,123000,127900,133750,115000,133750,145000,5.9,77,B,0,true
000270,20240627,20240702,stop,129100,123590,,123590,141615,152430,-4.68,81,B,0,false
000270,20250612,20250630,trail,96900,96900,103980,92180,103980,111060,3.21,73,B,0,true
000270,20250711,20250731,trail,100100,104532,107917,94117,107917,116197,5.66,78,B,0,true
000270,20250829,20250918,time,105900,102100,,99025,111537.5,119045,-4,70,B,0,false
000270,20251010,20251020,t2,101100,117000,109300,100056.99,109129.51,114573.03,11.44,71,B,0,true
000270,20251112,20260114,t2,115700,141410,128292.5,106430,128292.5,141410,16.05,85,B,0,true
000270,20260212,20260227,t2,163200,209494,183979,141454,183979,209494,20.03,82,B,0,true
000270,20260319,20260327,stop,171000,150800,,151027,208352,242747,-12.19,72,B,0,false
000660,20231107,20231127,time,132000,130700,,124160,146260,159520,-1.41,70,B,0,false
000660,20231201,20231207,stop,132200,125166,,125166,142091,152246,-5.73,81,A,0,false
000660,20240112,20240116,stop,136400,132600,,132664,149139,159024,-3.2,72,B,0,false
000660,20240207,20240223,t2,136600,166900,147916,126791,147916,160591,14.74,74,B,0,true
000660,20240322,20240403,ma5_close,169000,179200,186400,150630,184330,204550,7.7,80,A,0,true
000660,20240419,20240422,stop,177200,168849,,168849,203524,224329,-5.12,82,B,0,false
000660,20240425,20240502,stop,173800,169000,,169899,203199,223179,-3.18,79,B,0,false
000660,20240514,20240530,ma5_close,184200,195700,203500,166787,198437,217427,7.9,72,B,0,true
000660,20240610,20240624,trail,206000,225989.99999999997,226325,194950,226325,245150,9.31,75,B,0,true
000660,20240626,20240717,time,228000,220500,,207950,250575,276150,-3.7,70,B,0,false
000660,20250214,20250228,stop,209000,189715,,189715,233015,258995,-9.62,72,B,0,false
000660,20250317,20250404,stop,207000,187900,,188036,224548.5,246456,-9.62,73,B,0,false
000660,20250530,20250617,t2,210000,253000,233000,199595,230607.5,249215,15.22,70,B,0,true
000660,20250711,20250717,stop,299500,273625,,273625,332062.5,367125,-9.03,80,B,0,false
000660,20250801,20250801,stop,266000,258468,,258468,311218,342868,-3.25,72,B,0,false
000660,20250812,20250820,stop,268000,251157,,251157,300407,329957,-6.69,70,B,0,false
000660,20250910,20250915,t2,294500,341325,314662.5,270225,314662.5,341325,10.89,70,B,0,true
000660,20251223,20260107,t2,585000,760000,656350,529100,656350,732700,20.54,77,B,0,true
000660,20260128,20260202,trail,810000,865830,898850,734100,898850,997700,8.46,75,B,0,true
000660,20260409,20260504,t2,1015000,1412650,1222825,906450,1222825,1412650,29.27,73,B,0,true
000810,20230823,20230914,ma5_close,250000,261500,268568,236443,268568,287843,5.56,74,B,0,true
000810,20231019,20231030,stop,264000,249198,,249198,288573,312198,-6.01,72,B,0,false
000810,20240305,20240405,time,298500,300000,,271748,355623,405948,0.07,81,B,0,false
000810,20240423,20240516,t2,309000,372668,336368,275868,336368,372668,14.24,80,B,0,true
000810,20240620,20240702,trail,342000,361000,384382,317257,384382,424657,8.51,80,B,0,true
000810,20240801,20240805,stop,366500,343651,,343651,412651,454051,-6.64,77,B,0,false
000810,20250320,20250326,stop,400500,367793,,367793,431293,469393,-8.56,83,B,0,false
000810,20250530,20250610,trail,395500,433380,433325,376950,433325,467150,9.1,77,B,0,true
000810,20250709,20250715,trail,465000,489179.99999999994,507700,433200,507700,552400,6.73,74,B,0,true
000810,20250718,20250728,stop,480500,443100,,443100,529100,580700,-8.18,70,B,0,false
000810,20250807,20251017,time,436500,436500,,398846,484221,535446,-0.43,70,B,0,false
000810,20251223,20260115,time,499000,475500,,448341,587716,671341,-5.12,76,B,0,false
000810,20260119,20260212,t2,481000,555729,532000,463529,521154,555729,12.58,73,B,0,true
000810,20260220,20260223,trail,575000,598920,633675,527550,633675,697350,6.72,70,B,0,true
000810,20260707,20260728,time,669000,609000,,578830,780580,901630,-9.36,73,B,0,false
000810,20260827,20260916,time,692000,661000,,615500,776750,873500,-4.89,72,B,0,false
000990,20231129,20231219,time,60400,59700,,57075,65637.5,70775,-1.58,70,B,0,false
000990,20240705,20240725,time,51600,50800,,46250,60625,69250,-1.97,74,B,0,false
000990,20250704,20250724,time,46650,45700,,42538,51725.5,57238,-2.46,82,B,0,false
000990,20250805,20250820,stop,46100,43646,,43646,51021,55446,-5.73,72,B,0,false
000990,20251014,20251103,time,59500,58900,,53260,67610,76220,-1.43,70,B,0,false
000990,20251111,20251113,trail,62100,67239,71535,55310,71535,81270,11.25,84,A,0,true
000990,20251215,20260108,trail,66200,70959,74700,59930,74142.5,82670,9.54,72,B,0,true
000990,20260114,20260121,trail,77000,81800,85500,70460,85310,94220,8.17,77,B,0,true
000990,20260522,20260528,trail,178800,203000,229270,148820,229270,277540,20.36,73,B,0,true
000990,20260623,20260701,stop,172000,138280,,138280,229367.5,284020,-19.95,79,B,0,false
001210,20260224,20260303,stop,943,827.5,,827.5,1171.25,1377.5,-12.63,73,B,0,false
001510,20231215,20231215,stop,661,641.6,,641.6,727.6,779.2,-3.35,71,B,0,false
001510,20250530,20250604,t1+t2,591,673.8,627.9,551.4,627.9,673.8,9.65,72,B,0,true
001510,20250709,20250710,trail,716,748,818.75,642.5,818.75,924.5,8.94,80,B,0,true
001510,20260402,20260422,time,2170,1863,,1570.2,3007.2,3869.4,-14.52,76,B,0,false
001527,20260827,20260902,stop,6760,6344,,6344,7536.5,8252,-6.56,78,B,0,false
002785,20251030,20251119,time,3665,3635,,3394,3921.5,4238,-1.24,74,B,0,false
002787,20240604,20240626,time,12450,12520,,12049.96,13142.56,13798.12,0.13,72,B,0,false
002787,20251030,20251105,stop,8060,7730,,7746,8681,9242,-4.51,77,B,0,false
002990,20260409,20260507,time,5300,5250,,4592.5,6361.25,7422.5,-1.37,80,A,0,false
002990,20260812,20260814,trail,11620,14800,16350,8250,16350,21210,33.46,74,B,0,true
003280,20250221,20250225,trail,1810,1851,1960.3,1679.8,1960.3,2128.6,4.83,70,B,0,true
003280,20260211,20260223,trail,1750,1875,1952.65,1614.9,1952.65,2155.3,8.89,79,B,0,true
003350,20240628,20240805,time,56800,51700,,46655,73017.5,88835,-9.37,77,B,0,false
003350,20250313,20250407,time,50600,50400,,45080,57255,64560,-0.82,75,B,0,false
003350,20250502,20250519,stop,56600,50600,,51005,62492.5,69385,-10.98,71,B,0,false
003350,20250710,20250715,trail,58500,66309,70100,53470,67295,75590,16.09,78,B,0,true
003350,20250724,20250813,time,64900,62600,,58540,74440,83980,-3.96,76,B,0,false
003350,20260910,20260915,trail,13460,14670,17097.5,10835,17097.5,20855,17.5,78,B,0,true
003490,20240205,20240227,time,23150,22600,,21643,24555.5,26303,-2.8,74,B,0,false
003490,20240604,20240617,ma5_close,21450,21850,22597.18,20718.55,22597.18,23724.35,3.16,72,B,0,true
003490,20240626,20240702,ma5_close,22100,22850,23091.5,21004,23091.5,24344,3.49,74,B,0,true
003490,20241018,20241101,ma5_close,22950,23600,24007.5,21445,24007.5,25545,3.27,71,B,0,true
003490,20241118,20241204,ma5_close,23950,24750,26000,22873,25760.5,27493,5.49,70,B,0,true
003490,20250704,20250721,ma5_close,24100,25400,25998.75,22667.5,25998.75,27997.5,6.18,79,B,0,true
003490,20250807,20250828,time,23950,23850,,21928,25753,28048,-0.85,70,B,0,false
003490,20260114,20260122,ma5_close,22250,24100,23697,21322,23697,25122,6.95,71,B,0,true
003490,20260210,20260225,t2,24100,28487,26192,22367,26192,28487,12.95,78,B,0,true
003490,20260409,20260430,time,24650,24550,,22139,28076.5,31639,-0.83,76,B,0,false
003490,20260508,20260512,stop,26000,24775,,24775,28712.5,31075,-5.12,79,B,0,false
003490,20260515,20260518,stop,27050,25470,,25470,30045,32790,-6.25,75,B,0,false
003490,20260626,20260713,stop,28600,26037.5,,26037.5,33693.75,38287.5,-9.35,71,B,0,false
003530,20240202,20240216,trail,3965,4510,4694.5,3287,4694.5,5539,15.57,79,B,0,true
003530,20240730,20240731,stop,3905,3685,,3685,4572.5,5105,-6.04,73,B,0,false
003530,20241204,20241224,time,3745,3470,,3263,4520.5,5275,-7.74,72,B,0,false
003530,20260409,20260507,trail,7110,9188.4,8900,6160,8717.5,10252,26.66,84,B,0,true
003530,20260907,20260916,stop,5050,4525.5,,4525.5,5961.75,6823.5,-10.77,78,B,0,false
004090,20240215,20240307,time,13110,12440,,11186,16166,19154,-5.52,70,B,0,false
004090,20240507,20240528,time,16780,14110,,12540,23415,29940,-16.27,76,B,0,false
004090,20260116,20260116,stop,14490,14060,,14060,15910,17020,-3.38,72,B,0,false
004090,20260211,20260220,t1+t2,15550,19200,17355,14280,17355,19200,17.04,84,A,0,true
004310,20250917,20251010,stop,3995,3732.5,,3732.5,4343.75,4710.5,-6.97,76,B,0,false
005160,20240214,20240222,trail,6090,7710,7647.75,5251.5,7647.75,9085.5,25.55,71,B,0,true
005180,20240607,20240611,trail,90000,107415,103300,79300,103300,117700,16.56,76,B,0,true
005180,20251002,20251013,stop,81100,75250,,75250,87125,94250,-7.61,71,B,0,false
005180,20260205,20260223,t2,77000,86481,81396,72921,81396,86481,8.54,78,B,0,true
005180,20260911,20260917,eod_open,90000,86400,,76190,105465,123030,-4.41,76,B,0,false
005380,20240322,20240401,stop,252500,229837,,229837,276837,305037,-9.37,80,B,0,false
005380,20250715,20250731,ma5_close,217000,213000,233000,196841,232591,254041,2.32,80,A,0,true
005380,20250805,20250915,time,213000,215000,,199904,237654,260304,0.51,73,B,0,false
005380,20251010,20251016,t1+t2,219000,240243.56,237000,209805.48,228829.28,240243.56,8.49,79,B,0,true
005380,20251113,20251203,time,273000,266500,,240029,303654,341829,-2.8,82,B,0,false
005380,20251223,20260107,t2,290500,348088,318000,266088,317338,348088,14.15,83,B,0,true
005380,20260319,20260331,stop,521000,457597,,457597,676222,807397,-12.55,76,B,0,false
005380,20260429,20260512,trail,565000,608220,629850,505100,629850,704700,9.09,72,B,0,true
005380,20260601,20260608,stop,736000,621000,,621700,874950,1026900,-15.99,75,B,0,false
005490,20230825,20230914,time,567000,553000,,522472,686222,784472,-2.89,80,B,0,false
005490,20230918,20230927,stop,591000,528000,,528257,648507,720657,-11.04,74,B,0,false
005490,20250321,20250327,stop,327500,302750,,302750,375875,419750,-7.95,74,B,0,false
005490,20250702,20250716,trail,278500,306900,304350,257100,304350,332700,9.27,71,B,0,true
005490,20250722,20250801,stop,332000,300850,,300850,366225,405450,-9.77,73,B,0,false
005490,20251113,20251203,time,320000,308500,,287834,346896.5,382334,-4.01,89,A,0,false
005490,20251209,20251230,time,316000,305000,,294918,344918,374918,-3.9,70,B,0,false
005680,20260527,20260528,stop,16780,14744,,14744,19634,22568,-12.51,71,B,0,false
005690,20250313,20250327,stop,12300,10399,,10399,15026.5,17803,-15.82,71,B,0,false
005690,20250612,20250623,stop,11570,10545,,10545,13565,15377,-9.25,72,B,0,false
005690,20250711,20250731,time,12840,12860,,10986,15821,18722,-0.27,80,B,0,false
005690,20250806,20250813,stop,13240,12089,,12089,15441.5,17453,-9.09,80,A,0,false
005690,20251010,20251022,trail,12430,13510,14231,10821,14231,16277,11.11,83,B,0,true
005690,20260409,20260421,trail,16000,18376.8,19015.5,13928,19015.5,22068,16.35,86,B,0,true
005690,20260428,20260512,stop,19000,16776,,16776,22161,25392,-12.08,74,B,0,false
005880,20250625,20250716,ma5_close,1659,1879,1912.85,1478.1,1912.85,2173.7,13.79,79,B,0,true
005880,20250826,20250916,time,1814,1819,,1677.5,1958.75,2127.5,-0.16,70,B,0,false
005880,20260129,20260205,trail,1959,2134.35,2131.45,1840.7,2131.45,2305.9,8.41,72,B,0,true
005880,20260911,20260917,eod_open,2120,2060,,1909.3,2373.55,2652.1,-3.25,77,B,0,false
005930,20231201,20240103,ma5_close,72400,77000,76149.42,69818.72,76149.42,79947.84,5.31,76,B,0,true
005930,20240205,20240227,time,74200,72900,,70606,78781,83686,-2.17,74,B,0,false
005930,20240315,20240319,stop,73400,71938.82,,71938.82,78461.77,82375.54,-2.41,71,B,0,false
005930,20240322,20240409,ma5_close,79600,83600,83463.25,76524.5,83463.25,87626.5,4.49,70,B,0,true
005930,20240508,20240524,stop,80800,76267,,76267,86717,92987,-6.02,80,B,0,false
005930,20240801,20240802,stop,86000,81000,,81518,91768,97918,-6.22,79,B,0,false
005930,20250313,20250325,ma5_close,55800,59800,58800,52502,58727,62462,5.82,77,B,0,true
005930,20250704,20250709,stop,64700,60540,,60540,68690,73580,-6.83,77,B,0,false
005930,20250714,20250722,ma5_close,62300,66000,65930,57855,65930,70775,5.43,76,B,0,true
005930,20250729,20250819,time,70800,70000,,66960,75560,80720,-1.55,75,B,0,false
005930,20250905,20250916,t2,70300,78909,75024,68549,75024,78909,9.01,73,B,0,true
005930,20251229,20260105,t2,119400,135240,126120,110920,126120,135240,8.98,73,B,0,true
005930,20260213,20260303,trail,179500,207390,202500,163080,201880,225160,13.69,73,B,0,true
005930,20260402,20260430,ma5_close,192600,220500,224146,166321,224146,258841,14.94,80,B,0,true
005930,20260601,20260622,trail,319500,343000,373925,279050,373925,430850,11.71,71,B,0,true
005935,20231129,20240103,ma5_close,57800,61200,60709.25,55662.17,60709.25,63737.49,5,80,B,0,true
005935,20240122,20240131,stop,61000,58945,,58945,64420,67705,-3.78,71,B,0,false
005935,20240205,20240215,ma5_close,60500,62000,64500,58190,64090,67630,4.1,83,A,0,true
005935,20240222,20240315,time,63000,62000,,59573,65423,68933,-2.01,80,B,0,false
005935,20240321,20240409,ma5_close,65000,68300,67000,61164.6,66710.6,70038.2,3.63,80,B,0,true
005935,20240508,20240522,stop,66300,63897,,63897,71372,75857,-4.04,80,B,0,false
005935,20250321,20250331,stop,50300,47625,,47625,53562.5,57125,-5.72,76,B,0,false
005935,20250626,20250724,ma5_close,50900,54700,54500,48045,53932.5,57465,6.81,71,B,0,true
005935,20250729,20250819,time,57400,57400,,54190,60965,65030,-0.43,77,B,0,false
005935,20250910,20250918,t2,58700,64200.5,61700,56066.5,61150.25,64200.5,6.78,80,B,0,true
005935,20251002,20251021,t2,69900,76670,74200,65110,72335,76670,7.45,72,B,0,true
005935,20251218,20260105,t2,82800,98255,91077.5,79115,91077.5,98255,13.84,75,B,0,true
005935,20260213,20260303,trail,122000,135900,138915,110890,138915,155730,12.15,77,B,0,true
005935,20260409,20260430,ma5_close,138200,158300,162632.5,124245,162632.5,185665,15.61,80,B,0,true
005935,20260601,20260604,trail,203500,221000,242220,176020,242220,281940,13.32,73,B,0,true
005935,20260908,20260917,eod_open,200000,192800,,177250,233125,266650,-4.01,70,B,0,false
006340,20250612,20250702,time,3170,3130,,2896.7,3467.45,3809.9,-1.69,77,B,0,false
006340,20251013,20251020,stop,3180,3066,,3066,3438.5,3662,-4,74,B,0,false
006340,20251121,20251211,time,3780,3535,,3255.5,4966.75,5993.5,-6.88,71,B,0,false
006340,20251215,20251219,stop,4165,3700.5,,3700.5,4849.25,5538.5,-11.53,71,B,0,false
006340,20260105,20260123,time,3800,3645,,3423.5,4414.75,5009.5,-4.49,81,B,0,false
006340,20260220,20260223,t1+t2,3930,5027.5,4468.75,3537.5,4468.75,5027.5,20.3,77,B,0,true
006340,20260911,20260917,eod_open,13190,12880,,12004,16309,18892,-2.77,72,B,0,false
006400,20250714,20250801,trail,180200,196400,195628,162978,195628,215218,8.31,78,B,0,true
006400,20250915,20251010,time,206000,207000,,199708,228895.5,246408,0.05,73,B,0,false
006400,20251015,20251017,t1+t2,223000,258970,239485,207010,239485,258970,11.28,71,B,0,true
006400,20251114,20251119,stop,323000,294450,,294450,394575,454650,-9.23,75,B,0,false
006400,20251208,20251218,stop,308500,284028,,284028,344715.5,381128,-8.33,72,B,0,false
006400,20260220,20260304,stop,402000,359000,,359000,481500,555000,-11.08,83,A,0,false
006400,20260319,20260414,ma5_close,397000,470500,492708,350333,492708,578133,20.79,76,B,0,true
006400,20260526,20260605,stop,666000,573599,,573599,780599,904799,-14.24,82,B,0,false
006400,20260910,20260917,eod_open,559000,539000,,511250,668125,762250,-3.99,84,B,0,false
006650,20231013,20231020,stop,139400,129917,,129917,156717,172797,-7.2,70,B,0,false
006650,20240612,20240614,stop,156500,142550,,142550,181175,204350,-9.3,75,B,0,false
006650,20250704,20250716,ma5_close,93100,99400,104065,85790,104065,115030,8.8,72,B,0,true
006650,20251017,20251104,trail,122900,130800,138425,113550,138425,153350,9.06,78,B,0,true
006650,20251111,20251218,trail,135300,150195,160845,121770,160845,184290,14.45,77,B,0,true
006650,20251222,20260107,stop,147500,132043,,132043,170168,193043,-10.86,74,B,0,false
006650,20260115,20260204,time,149000,148700,,136260,174360,197220,-0.63,75,B,0,false
006650,20260212,20260303,trail,154400,178746,182736,137536,182736,209856,16.56,82,B,0,true
009150,20231211,20240104,time,152100,152000,,144550,160425,169950,-0.49,82,A,0,false
009150,20240425,20240715,ma5_close,146200,160400,167441,142691,167441,182291,11.64,71,B,0,true
009150,20240717,20240722,stop,172800,162390,,162390,186415,200830,-6.43,70,B,0,false
009150,20250120,20250218,ma5_close,128600,145300,141356,118856,141356,154856,10.97,74,B,0,true
009150,20250619,20250709,time,134300,135400,,125040,144940,156880,0.39,76,B,0,false
009150,20250716,20250801,trail,138700,145731,149557,129607,149557,161527,5.99,83,B,0,true
009150,20251013,20251014,stop,202000,197430,,197430,230105,249710,-2.68,78,B,0,false
009150,20251021,20251030,trail,215000,223199.99999999997,238000,197210,235435,258370,6.8,77,B,0,true
009150,20260107,20260205,trail,270000,287835,296164,242539,296164,328339,7.68,78,B,0,true
009150,20260402,20260415,t2,444000,630302,531152,365902,531152,630302,30.23,77,B,0,true
010120,20230901,20230922,time,100000,100800,,89413,115363,130933,0.37,78,B,0,false
010120,20240513,20240521,trail,179600,209250,221875,148750,221875,265750,19.51,71,B,0,true
010120,20240628,20240718,time,218000,213000,,188660,258260,300020,-2.71,70,B,0,false
010120,20250609,20250620,ma5_close,264500,275500,292000,237900,290650,322300,6.82,75,B,0,true
010120,20250721,20250808,ma5_close,278000,316500,331547,249797,331547,380597,16.05,75,B,0,true
010120,20251013,20251023,t1+t2,292500,361405,335500,277405,329905,361405,18.62,83,A,0,true
010120,20260105,20260120,trail,491500,515219.99999999994,553374,443124,553374,619524,8.24,83,A,0,true
010120,20260910,20260917,eod_open,206500,201000,,184954,242966.5,277774,-3.08,70,B,0,false
010140,20230829,20230907,stop,8650,8156,,8156,9761,10724,-6.12,84,B,0,false
010140,20230918,20230922,stop,8550,7974,,7974,9219,9966,-7.14,70,B,0,false
010140,20231213,20231218,stop,7940,7448,,7448,8703,9456,-6.6,83,B,0,false
010140,20240313,20240319,trail,8120,8732.699999999999,8749.5,7617,8749.5,9429,7.19,73,B,0,true
010140,20240415,20240425,trail,8850,9411.599999999999,9870,8222,9769.5,10698,8.47,70,B,0,true
010140,20240514,20240522,stop,10170,9379,,9379,11356.5,12543,-8.17,73,B,0,false
010140,20240604,20240612,stop,9520,9150,,9150,10710,11646,-4.3,74,B,0,false
010140,20240821,20240904,stop,11160,9960,,10036,12943.5,14688,-11.14,85,B,0,false
010140,20241216,20250122,ma5_close,11440,13300,12899,10489,12899,14345,14.01,74,B,0,true
010140,20250205,20250220,trail,13540,14154.599999999999,14854.5,12347,14854.5,16359,6.66,73,B,0,true
010140,20250317,20250404,time,14430,13720,,12529.5,16993.25,19671.5,-5.33,73,B,0,false
010140,20250418,20250513,time,15010,14260,,13769,16596.5,18293,-5.4,74,B,0,false
010140,20250522,20250609,ma5_close,14740,16650,16143,13743,16143,17583,10.76,70,B,0,true
010140,20250709,20250725,ma5_close,17350,18870,19335,15645,19335,21549,9.63,83,A,0,true
010140,20250806,20250820,stop,19590,18298,,18298,21928,24106,-7,77,B,0,false
010140,20250925,20251027,t2,22000,25900,23554,20304,23554,25504,11.91,80,B,0,true
010140,20251222,20260119,t2,25700,30501.5,27790.25,23271.5,27790.25,30501.5,12.92,77,B,0,true
010140,20260220,20260304,stop,29250,26450,,27116,32678.5,36016,-9.96,75,B,0,false
010140,20260310,20260327,stop,29000,25491,,25491,32791,37171,-12.48,71,B,0,false
010140,20260508,20260512,stop,33600,30870,,30870,37945,42190,-8.52,84,A,0,false
010170,20250806,20250814,stop,1144,997.8,,997.8,1365.8,1586.6,-13.15,73,B,0,false
010170,20260212,20260223,trail,3450,4119.9,4326.3,2815.8,4326.3,5232.6,21.88,78,B,0,true
011170,20240621,20240702,stop,119300,109890,,109890,136415,152330,-8.28,71,B,0,false
011170,20250328,20250403,stop,70500,61100,,62406,84543.5,97826,-13.71,70,B,0,false
011170,20250625,20250715,trail,64400,66495,70480,57405,70480,78325,5.89,85,A,0,true
011170,20250722,20250807,stop,69300,62610,,62610,78335,87770,-10.04,84,B,0,false
011170,20250930,20251013,stop,68600,64650,,64650,75775,82450,-6.16,80,A,0,false
011170,20251016,20251027,ma5_close,68900,74000,74649,62074,74649,82194,7.41,80,B,0,true
011170,20251111,20251118,trail,72400,82956,82271,66596,82271,91676,13.62,80,B,0,true
011170,20251218,20251218,stop,77400,72580,,72580,88380,97860,-6.63,80,A,0,false
011170,20260223,20260225,trail,86000,90800,99855,75430,99855,114510,10.37,73,B,0,true
011170,20260409,20260430,trail,91400,111134.99999999999,106900,81400,106900,122200,18.76,71,B,0,true
011930,20230825,20230913,stop,2835,2514,,2514,3404,3938,-11.7,71,B,0,false
011930,20240313,20240313,t1+t2,2080,2459.1,2251.05,1904.3,2251.05,2459.1,12.74,80,A,0,true
011930,20250605,20250626,time,1518,1495,,1390.1,1697.35,1881.7,-1.94,73,B,0,false
011930,20250704,20250710,t1+t2,1558,1840.3,1681.15,1415.9,1681.15,1840.3,12.53,76,B,0,true
011930,20250808,20250813,trail,1552,1650.75,1675.5,1413,1675.5,1833,6.7,73,B,0,true
011930,20251013,20251023,stop,1793,1695.4,,1695.4,2069.4,2293.8,-5.85,83,A,0,false
011930,20251027,20251113,stop,1930,1730.8,,1730.8,2133.8,2375.6,-10.71,80,A,0,false
011930,20260312,20260320,trail,2440,3140,3200.15,1924.9,3200.15,3965.3,29.36,71,B,0,true
012330,20230830,20231004,time,232500,233000,,220734,247109,262934,-0.22,71,B,0,false
012330,20240226,20240402,time,247000,247500,,229250,273625,300250,-0.23,70,B,0,false
012330,20240425,20240502,stop,241500,226000,,227762,267512,291362,-6.82,80,B,0,false
012330,20241211,20250103,time,246500,246500,,232425,276175,302425,-0.43,72,B,0,false
012330,20250220,20250328,trail,252000,268770,277059,237559,277059,300759,7.83,76,B,0,true
012330,20250626,20250722,time,294500,293000,,274450,332075,366650,-0.94,72,B,0,false
012330,20250808,20250926,time,293500,295000,,279206,333956,366806,0.08,84,B,0,false
012330,20251017,20251105,stop,306000,288966,,288966,328278.5,351866,-5.97,72,B,0,false
012450,20231130,20231207,ma5_close,121800,133400,135430,115105,135430,147625,9.88,77,B,0,true
012450,20231213,20240116,trail,127700,139035,144294,116644,144294,160884,10.46,81,B,0,true
012450,20240122,20240130,stop,145900,133390,,133390,161415,178230,-8.97,73,B,0,false
012450,20240201,20240227,t2,135600,179036,159251,126276,159251,179036,24.2,70,B,0,true
012450,20240320,20240328,trail,193200,209250,223080,168780,223080,255660,11.41,70,B,0,true
012450,20240419,20240513,time,229500,221500,,195590,271615,317230,-3.9,89,A,0,false
012450,20240528,20240604,trail,215500,220000,239305,191555,239305,267955,6.11,73,B,0,true
012450,20240614,20240712,trail,225500,254354.99999999997,257925,203050,257925,290850,13.1,74,B,0,true
012450,20240829,20240923,time,290000,290000,,258521,343396,394321,-0.43,73,B,0,false
012450,20250318,20250321,stop,764000,627000,,653200,902700,1052400,-18.28,73,B,0,false
012450,20250519,20250618,ma5_close,832000,927000,951332,759832,951332,1066232,12.4,76,B,0,true
012450,20251023,20251105,stop,1008000,934894,,934894,1158894,1293294,-7.65,80,B,0,false
012450,20260223,20260304,trail,1241000,1387560,1463203,1095453,1463203,1683853,14.36,84,B,0,true
012450,20260506,20260507,stop,1473000,1348702,,1348702,1663952,1853102,-8.83,84,B,0,false
012450,20260828,20260917,eod_open,1139000,1096000,,1008300,1362550,1575100,-4.19,78,B,0,false
014680,20240509,20240520,stop,197200,180928,,180928,211578,229968,-8.65,78,B,0,false
014680,20250424,20250522,time,119700,119200,,106000,137000,155600,-0.85,75,B,0,false
014680,20250714,20250723,stop,177800,165270,,165270,200845,222190,-7.45,73,B,0,false
014680,20250725,20250814,time,172300,171600,,160817,194892,215337,-0.83,77,B,0,false
014680,20250910,20250922,t2,171400,209987,190922,159147,190922,209987,16.45,75,B,0,true
014680,20251027,20251121,time,215000,207000,,193255,242767.5,272475,-4.13,89,B,0,false
014680,20251126,20251216,time,230000,223000,,198717,267967,309517,-3.46,74,B,0,false
014680,20260107,20260109,stop,245000,229350,,229350,272225,297950,-6.79,77,B,0,false
014680,20260116,20260123,trail,245500,267840,275975,226850,275975,305450,10.28,86,B,0,true
014680,20260210,20260303,ma5_close,295000,314500,342550,263300,342550,390100,10.89,73,B,0,true
014680,20260402,20260430,time,284000,285000,,241467,337342,394867,-0.08,78,B,0,false
017900,20231213,20231227,stop,2205,2075,,2077,2384.5,2569,-6.3,70,B,0,false
018880,20250213,20250228,trail,4425,4477.95,4758.5,4041,4758.5,5189,3.92,70,B,0,true
018880,20251114,20251118,stop,4150,3613.3,,3613.3,5115.05,6016.1,-13.31,72,B,0,false
018880,20260319,20260408,time,4235,3950,,3578.5,5544.75,6724.5,-7.13,70,B,0,false
018880,20260601,20260605,stop,5630,4545,,4545,7257.5,8885,-19.62,70,B,0,false
019170,20230830,20230919,time,17600,16700,,15827,22517,26531,-5.52,78,B,0,false
019170,20240423,20240517,time,13690,13800,,12331,17893.5,21231,0.37,72,B,0,false
019170,20251028,20251030,stop,14950,13684,,13684,16674,18468,-8.86,70,B,0,false
024060,20240521,20240605,trail,13000,19000,17897.5,11260,17897.5,21880,41.3,75,B,0,true
024060,20251010,20251030,time,12380,12280,,11713,13618,14761,-1.23,75,B,0,false
024060,20260210,20260223,trail,14260,17690,17490.5,12073,17490.5,20741,22.82,76,B,0,true
024060,20260408,20260428,time,18460,17280,,16395,32532.5,42215,-6.79,75,B,0,false
028100,20240604,20240607,stop,13880,13334,,13334,15374,16598,-4.35,75,B,0,false
028260,20231129,20231212,t2,118300,128402,122132,111682,122132,128402,5.43,85,A,0,true
028260,20240102,20240111,stop,128100,121583,,121583,135383,143663,-5.5,79,B,0,false
028260,20240130,20240201,t2,128900,143080,135490,122840,135490,143080,7.59,72,B,0,true
028260,20240305,20240325,time,161400,158500,,140918,183343,208798,-2.22,81,B,0,false
028260,20240801,20240805,stop,153800,140754,,140754,166104,181314,-8.88,80,A,0,false
028260,20240913,20241002,stop,149900,136300,,137492,160042,173572,-9.46,75,B,0,false
028260,20250318,20250407,stop,124000,112800,,114673,131648,141833,-9.42,71,B,0,false
028260,20250704,20250718,trail,163400,175677,188363,152713,188363,209753,10.92,82,B,0,true
028260,20250731,20250804,stop,173800,160600,,160944,193969,213784,-7.99,86,A,0,false
028260,20250911,20250924,ma5_close,183000,193700,196140,173240,196140,209880,6.06,75,B,0,true
028260,20251016,20251104,ma5_close,207000,221000,227705,191530,227705,249410,7.92,77,B,0,true
028260,20251121,20251215,ma5_close,218000,246500,252427,202427,252427,282427,13.94,74,B,0,true
028260,20260105,20260120,t2,245500,304175,275825,228575,275825,304175,17.62,87,A,0,true
028260,20260204,20260206,stop,315000,288500,,288500,354750,394500,-8.81,72,B,0,false
028260,20260213,20260304,stop,328500,300000,,303300,380050,426100,-9.07,75,B,0,false
028300,20231205,20231214,t2,32600,37957,34852,29677,34852,37957,11.19,72,B,0,true
028300,20240423,20240516,time,106400,95800,,89220,131920,157540,-10.35,82,B,0,false
028300,20240801,20240805,stop,81700,75555,,75555,99955,114595,-7.92,70,B,0,false
028300,20240819,20240821,stop,91000,83000,,83000,102750,114600,-9.18,71,B,0,false
028300,20240902,20240925,time,91000,88600,,80930,103105,116410,-3.06,83,A,0,false
028300,20251230,20260108,trail,48250,52080,52540.5,45453,52540.5,56793,7.95,83,A,0,true
028300,20260113,20260119,stop,54500,50715,,50715,60177.5,65855,-7.34,70,B,0,false
028300,20260123,20260127,t2,52700,66497,62500,47077,59214.5,66497,21.86,79,B,0,true
028300,20260220,20260304,stop,53500,49117,,49117,66842,77477,-8.59,77,B,0,false
028300,20260602,20260608,stop,54300,47830.5,,47830.5,65236.75,75680.5,-12.29,71,B,0,false
028670,20240229,20240321,time,4650,4400,,4194,5209,5818,-5.78,75,B,0,false
028670,20240604,20240612,stop,4455,4096,,4096,4968.5,5492,-8.45,74,B,0,false
028670,20250704,20250728,ma5_close,3895,4210,4257.75,3626.5,4257.75,4636.5,8.23,90,A,0,true
028670,20260114,20260119,stop_be,4000,4000,4183.75,3707.5,4183.75,4469.5,1.86,74,B,0,true
028670,20260213,20260303,t1+t2,5120,6471.5,5795.75,4669.5,5795.75,6471.5,19.28,70,B,0,true
028670,20260402,20260511,trail,5070,5849.7,6199.25,4440.5,6199.25,7254.5,18.32,84,B,0,true
028670,20260803,20260826,trail,5370,6072.9,6382.75,4861.5,6382.75,7295.5,15.48,72,B,0,true
028670,20260904,20260917,eod_open,5920,5870,,5214,6929,7958,-1.27,83,A,0,false
031980,20230901,20230921,stop,27550,21550,,21835,34710,42435,-22.11,76,B,0,false
031980,20240205,20240214,trail,28850,33100,34400,25395,33657.5,38615,16.48,71,B,0,true
031980,20240312,20240402,time,42050,42250,,35460,50935,60220,0.04,73,B,0,false
031980,20240419,20240422,stop,51100,45370,,45370,62945,73490,-11.59,71,B,0,false
031980,20240508,20240607,t2,49650,76255,63377.5,41915,63377.5,76255,40.01,84,B,0,true
031980,20250704,20250723,stop,37850,33492.5,,33492.5,42511.25,47922.5,-11.89,78,B,0,false
031980,20251114,20251124,stop,48050,44358,,44358,60495.5,70178,-8.08,72,B,0,false
031980,20260402,20260423,time,110000,110700,,86220,138407.5,169720,0.2,77,B,0,false
031980,20260427,20260528,time,114800,112200,,95510,140485,167470,-2.68,71,B,0,false
032830,20240315,20240404,time,100300,93400,,89610,118835,136370,-7.28,84,B,0,false
032830,20240729,20240805,stop,95400,85947,,85947,103772,114467,-10.3,76,B,0,false
032830,20240814,20240909,time,94000,94600,,84696,104246,115976,0.21,72,B,0,false
032830,20241119,20241205,stop,105800,102600,,102600,118100,127400,-3.44,72,B,0,false
032830,20250625,20250722,time,130100,131300,,116170,146995,165490,0.49,72,B,0,false
032830,20250818,20250827,ma5_close,127700,138700,139803,119328,139803,152088,8.58,70,B,0,true
032830,20250924,20251015,trail,158200,158472,169057,144357,169057,183877,3.07,79,B,0,true
032830,20251107,20251118,stop,158900,148406,,148406,177906,195606,-7.01,77,B,0,false
032830,20260119,20260202,trail,166800,186000,188075,158950,188075,205550,11.65,79,B,0,true
032830,20260213,20260224,trail,203500,234359.99999999997,246000,186390,232915,260830,17.52,73,B,0,true
032830,20260409,20260508,trail,234500,286440,280500,211800,278550,318600,20.36,78,B,0,true
034020,20240205,20240207,stop,15960,15218,,15218,17173,18346,-5.06,72,B,0,false
034020,20240220,20240314,t2,15720,17800,16637.5,14700,16637.5,17800,9.06,73,B,0,true
034020,20240613,20240703,time,20050,19260,,17599,22344,25191,-4.35,82,B,0,false
034020,20241108,20241128,time,21400,21450,,19382,24427,27454,-0.2,73,B,0,false
034020,20250213,20250217,trail,24500,26272.5,27418,22138,27418,30586,9.1,73,B,0,true
034020,20250709,20250729,time,67100,65100,,57125,80812.5,95025,-3.4,80,B,0,false
034020,20250801,20250820,stop,64900,54300,,57774,74724,84894,-16.69,84,B,0,false
034020,20250826,20250915,time,64400,58800,,58033,75183,85473,-9.09,71,B,0,false
034020,20251002,20251013,t2,65200,78148,70858,58708,70858,78148,13.78,74,B,0,true
034020,20251114,20251119,stop,80500,74414,,74414,97814,111854,-7.96,83,B,0,false
034020,20251215,20260119,t2,76800,97000,87161,70861,87161,96941,19.38,77,B,0,true
034020,20260205,20260206,stop,94000,87690,,87690,109715,122930,-7.11,77,B,0,false
034020,20260223,20260304,stop,105300,91300,,93840,117990,132480,-13.67,75,B,0,false
034020,20260402,20260430,ma5_close,100500,127100,121860,88735,121860,141735,23.33,76,B,0,true
034220,20250623,20250721,time,9080,9170,,8719,9971.5,10723,0.56,71,B,0,false
034220,20250829,20250917,trail,12110,12722.4,13467,10972,13467,14964,7.67,72,B,0,true
034220,20250919,20251010,t2,13200,15409,14249.5,12317,14249.5,15409,11.86,77,B,0,true
034220,20251028,20251107,stop,14500,13228,,13228,16315.5,18168,-9.16,73,B,0,false
034220,20260514,20260518,trail,14370,14110,16567,12572,16567,18964,6.28,84,A,0,true
034730,20231129,20231222,ma5_close,165000,173500,174204,153054,174204,186894,4.91,80,A,0,true
034730,20240220,20240226,stop,208000,191390,,191390,231665,255830,-8.38,70,B,0,false
034730,20240229,20240321,time,194500,191000,,176301,225526,255061,-2.22,73,B,0,false
034730,20250710,20250730,time,223500,203000,,199710,260435,296870,-9.56,71,B,0,false
034730,20251010,20251105,trail,226000,239009.99999999997,248417,203292,248417,275492,7.37,87,B,0,true
034730,20251107,20251219,time,249000,250000,,230300,289550,325100,-0.03,71,B,0,false
034730,20251230,20260112,ma5_close,252000,279000,273200,233700,273200,296900,9.09,72,B,0,true
034730,20260212,20260303,trail,343500,391500,393000,303700,389450,440900,13.7,80,B,0,true
034730,20260409,20260504,t2,337000,448935,391635,296135,391635,448935,24.18,74,B,0,true
035420,20230825,20230918,time,221500,221500,,202996,256371,288396,-0.43,76,B,0,false
035420,20231211,20240105,time,218500,220500,,206980,233280,249060,0.48,70,B,0,false
035420,20240205,20240206,stop,220500,206979,,206979,243579,265539,-6.54,83,A,0,false
035420,20250107,20250212,ma5_close,210000,225000,229457,193232,229457,251192,7.74,72,B,0,true
035420,20250224,20250228,stop,224000,207396,,207396,243271,264796,-7.81,77,B,0,false
035420,20251029,20251118,time,255000,249000,,233407,295407,332607,-2.77,72,B,0,false
035420,20260128,20260205,stop,285000,259200,,259200,314950,348400,-9.44,70,B,0,false
035420,20260814,20260904,time,227000,213500,,198740,268140,309780,-6.35,71,B,0,false
035420,20260908,20260917,eod_open,219000,199000,,199272,249397,279472,-9.52,85,B,0,false
035720,20240205,20240214,stop,57000,53272,,53272,64447,71152,-6.94,79,B,0,false
035720,20240216,20240229,stop,59500,54620,,54620,66070,72940,-8.6,74,B,0,false
035720,20240313,20240319,stop,55900,52342,,52342,61342,66742,-6.77,74,B,0,false
035720,20250728,20250805,stop,56800,54072,,54072,65747,72752,-5.21,72,B,0,false
035720,20250807,20250821,ma5_close,57900,64000,64287,52562,64287,71322,10.31,77,B,0,true
035720,20250915,20250926,stop,65000,60910,,60910,72385,79270,-6.69,80,A,0,false
035720,20251013,20251030,trail,60700,64820.99999999999,67793,56343,67793,74663,8.77,81,B,0,true
035720,20260227,20260304,stop,61300,53200,,55539,65526.5,71519,-13.59,72,B,0,false
036540,20231129,20231212,t1+t2,5420,6501,5895,4885,5895,6501,13.86,73,B,0,true
036540,20240223,20240315,time,6760,5890,,5834,7976.5,9262,-13.24,82,B,0,false
036540,20251002,20251014,ma5_close,4390,4390,4900,3903.5,4869.75,5449.5,5.35,72,B,0,true
036540,20251113,20251114,stop,4685,4278.5,,4278.5,5294.75,5904.5,-9.07,75,B,0,false
036540,20260220,20260304,stop,7430,6422,,6422,9042,10614,-13.94,75,B,0,false
036540,20260409,20260424,t2,6800,9260,8024,5964,8024,9260,26.54,80,B,0,true
036540,20260515,20260527,trail,8420,10825.199999999999,10339,6964,10339,12364,25.14,79,B,0,true
036540,20260908,20260915,t2,5990,8410,7142.5,5030,7142.5,8410,29.26,73,B,0,true
036570,20240621,20240628,stop,194700,178517,,178517,211542,231357,-8.71,74,B,0,false
036570,20240903,20240927,time,191500,191900,,171510,211110,234870,-0.22,70,B,0,false
036570,20241024,20241113,time,208500,204500,,190100,241100,271700,-2.34,72,B,0,false
036570,20241121,20241205,trail,216000,230639.99999999997,244366,194966,244366,274006,9.48,74,B,0,true
036570,20250701,20250721,time,206000,208000,,188050,234175,261850,0.54,72,B,0,false
036570,20250805,20250814,trail,199900,212970,225934,190884,225934,246964,9.31,72,B,0,true
036570,20251013,20251014,stop,214500,208030,,208030,244755,266790,-3.43,70,B,0,false
036570,20260220,20260304,stop,226500,202114,,202114,255801.5,288014,-11.15,76,B,0,false
036570,20260413,20260427,trail,236500,262260,274000,217950,273075,306150,12.89,70,B,0,true
036570,20260515,20260604,trail,276500,309500,325725,247850,325725,372450,14.38,79,B,0,true
036930,20230825,20231004,time,26400,26550,,22383,32320.5,38283,0.14,73,B,0,false
036930,20231013,20231020,stop,29000,26170,,26170,34370,39290,-10.15,72,B,0,false
036930,20231129,20231219,time,34850,33600,,30935,41472.5,47795,-4,80,B,0,false
036930,20240112,20240115,stop,34100,31079,,31079,37616.5,41539,-9.25,78,B,0,false
036930,20240509,20240530,time,35100,32850,,30701,41313.5,47681,-6.81,73,B,0,false
036930,20240620,20240625,stop,36750,33200,,33395,41407.5,46215,-10.05,72,B,0,false
036930,20240701,20240717,stop,36950,33595,,33595,42982.5,48615,-9.47,76,B,0,false
036930,20241216,20250122,trail,30650,33108,34962.5,27025,34962.5,39725,10.57,70,B,0,true
036930,20250318,20250407,stop,37950,34200,,34225,43412.5,48925,-10.27,78,B,0,false
036930,20250424,20250519,time,37650,33550,,32922,42722,48602,-11.27,92,A,0,false
036930,20251013,20251022,stop,31300,30415,,30415,35752.5,38955,-3.24,80,A,0,false
036930,20251030,20251107,stop,31700,29140,,29140,35227.5,38880,-8.47,83,A,0,false
036930,20260128,20260202,trail,37450,40873.5,41912.5,32975,41912.5,47275,10.05,71,B,0,true
036930,20260409,20260421,t2,66600,103355,85017.5,54455,85017.5,103355,40.81,80,B,0,true
039030,20230831,20230918,stop,168900,143100,,143100,207100,245500,-15.64,75,B,0,false
039030,20240227,20240305,trail,183100,202275,208576,159051,208576,238291,11.71,73,B,0,true
039030,20240509,20240524,stop,252000,212810,,212810,295685,345410,-15.91,83,B,0,false
039030,20250220,20250228,stop,151500,132241,,132241,172966,197401,-13.09,87,A,0,false
039030,20250623,20250710,t2,157000,203090,181445,145370,181445,203090,21.94,72,B,0,true
039030,20250808,20250820,stop,233000,206000,,206900,269650,307300,-11.97,75,B,0,false
039030,20250909,20250924,trail,210000,235289.99999999997,241723,196248,241723,269008,13.09,73,B,0,true
039030,20260102,20260108,trail,272000,304000,301246,244496,301246,335296,10.78,73,B,0,true
039030,20260128,20260202,trail,340000,362700,385800,300300,385800,437100,9.6,71,B,0,true
039030,20260220,20260304,trail,375000,425500,447975,331350,447975,517950,15.96,75,B,0,true
039030,20260402,20260512,time,431000,428000,,345264,533389,646264,-1.12,81,B,0,false
039030,20260514,20260526,trail,479500,548700,576290,426290,576290,666290,16.8,73,B,0,true
042660,20240415,20240419,trail,28550,31712.999999999996,33409.5,25122,33409.5,38382,13.56,72,B,0,true
042660,20240604,20240605,stop,30700,28964,,28964,35939,40124,-6.06,79,B,0,false
042660,20240613,20240703,time,32000,30050,,28191,35691,40191,-6.5,77,B,0,false
042660,20240821,20240910,time,32350,29700,,29485,37772.5,42745,-8.59,77,B,0,false
042660,20240923,20241016,time,33000,30950,,29479,36866.5,41299,-6.61,75,B,0,false
042660,20241224,20250114,t2,35800,46970,41360,32010,41360,46970,22.84,72,B,0,true
042660,20250319,20250321,stop,82900,70500,,71245,96632.5,111865,-15.32,81,B,0,false
042660,20250613,20250619,trail,84000,89094,92940,78040,92940,101880,7.89,82,A,0,true
042660,20250722,20250731,t2,84600,105310,94855,77430,94855,105310,17.79,70,B,0,true
042660,20250905,20250925,time,115000,109600,,106240,137890,156880,-5.1,77,B,0,false
042660,20251022,20251028,trail,123900,133455,134890,111240,134890,149080,7.83,73,B,0,true
042660,20260107,20260113,t2,119800,149614,134629,109654,134629,149614,18.12,70,B,0,true
042660,20260205,20260206,stop,142200,128743,,128743,164943,186663,-9.85,82,B,0,false
042660,20260220,20260304,stop,143000,126251,,126251,158051,177131,-12.09,92,A,0,false
042660,20260527,20260528,stop,134000,121730,,121730,154155,173610,-9.55,70,B,0,false
042700,20231103,20231113,trail,58300,61100,67318,49543,67318,77983,9.66,79,B,0,true
042700,20231201,20231221,time,62500,59200,,54596,72471,83196,-5.69,83,A,0,false
042700,20240425,20240521,time,139000,140200,,116012,172337,206132,0.43,84,A,0,false
042700,20240613,20240703,time,175900,166800,,155230,201905,229910,-5.58,73,B,0,false
042700,20250220,20250228,stop,109000,95100,,96258,127783,146698,-13.13,79,B,0,false
042700,20250612,20250620,trail,85300,92163,96323,75923,96323,108563,10.01,76,B,0,true
042700,20250711,20250723,stop,96700,85473,,85473,109923,124593,-11.99,82,B,0,false
042700,20250801,20250822,time,89700,86800,,84465,100465,110065,-3.65,78,B,0,false
042700,20251001,20251010,t1+t2,97500,115760,106900,90080,106130,115760,13.69,71,B,0,true
042700,20251127,20251217,time,129100,119900,,114907,155107,179227,-7.53,71,B,0,false
042700,20260213,20260227,t2,205500,286840,248170,183720,248170,286840,29.61,70,B,0,true
042700,20260409,20260428,trail,278000,352935,341843,250593,341843,396593,24.42,79,B,0,true
043260,20240507,20240513,trail,1869,2125,2229.45,1613.7,2229.45,2598.9,15.99,79,B,0,true
043260,20250605,20250626,time,1210,1157,,1092.7,1325.95,1465.9,-4.79,71,B,0,false
043260,20260402,20260423,time,48450,47150,,34935,66097.5,84795,-3.1,82,A,0,false
046970,20231103,20231123,time,2115,1801,,1682.3,2891.55,3617.1,-15.21,70,B,0,false
046970,20250625,20250715,time,1406,1312,,1294.7,1532.95,1675.9,-7.09,78,B,0,false
047040,20230829,20230918,time,4565,4560,,4309,4974,5373,-0.54,87,A,0,false
047040,20240821,20240910,time,4130,3780,,3687,4542,5055,-8.87,85,A,0,false
047040,20260102,20260116,t1+t2,3840,4450,4099,3514,4099,4450,10.84,78,B,0,true
049080,20240222,20240227,trail,1280,1350,1403.6,1177.6,1403.6,1539.2,7.1,71,B,0,true
049080,20260828,20260917,eod_open,8600,10300,,6309,11896.5,15249,19.25,80,A,0,false
050890,20240220,20240306,stop,6530,5830,,5836,7178.5,7984,-11.1,75,B,0,false
050890,20240322,20240408,stop,6220,5818,,5818,6768,7338,-6.86,72,B,0,false
050890,20250324,20250328,stop,7230,6621,,6621,8051,8909,-8.82,77,B,0,false
050890,20251013,20251017,stop,7190,6874,,6874,7914,8538,-4.81,74,B,0,false
050890,20251215,20260107,time,7850,7510,,7019,8651.5,9631,-4.74,82,B,0,false
050890,20260506,20260518,stop,19020,15140,,15334,23599,28558,-20.74,70,B,0,false
050890,20260526,20260601,stop,18370,14899,,14899,22976.5,27823,-19.24,80,A,0,false
052690,20240108,20240123,ma5_close,65200,67800,69560,60460,69560,75020,4.88,70,B,0,true
052690,20240214,20240312,trail,67300,71424,75250,63375,75250,82375,8.5,87,B,0,true
052690,20240611,20240701,time,70300,68200,,65829,76554,82989,-3.4,74,B,0,false
052690,20240729,20240805,stop,75100,63512,,63512,88362,103272,-15.79,79,B,0,false
052690,20241125,20241204,stop,71500,65179,,65179,77354,84659,-9.23,73,B,0,false
052690,20250729,20250819,time,91800,90300,,83459,102959,114659,-2.06,80,A,0,false
052690,20260107,20260114,t2,94900,116794,106399,89074,106399,116794,17.09,73,B,0,true
052690,20260223,20260304,stop,166600,141860,,141860,195460,227620,-15.22,75,B,0,false
052690,20260402,20260512,time,168600,163500,,137846,203871,243486,-3.44,89,B,0,false
054920,20260126,20260128,trail,4945,5886.9,5991,4056,5991,7152,19.58,77,B,0,true
054920,20260225,20260304,stop,5380,4537.5,,4537.5,7011.25,8495.5,-16.02,75,B,0,false
055550,20231201,20231228,t2,36900,40120,38110,34760,38110,40120,5.55,72,B,0,true
055550,20240124,20240202,t2,38900,43539,40786.5,36199,40786.5,43539,7.92,70,B,0,true
055550,20240304,20240318,trail,44750,47895,49359,39759,49359,55119,8.2,75,B,0,true
055550,20240322,20240327,stop,50300,47170,,47170,56495,62090,-6.63,70,B,0,false
055550,20240621,20240709,trail,48000,50406,51339.5,44302,51339.5,55562,5.53,79,B,0,true
055550,20240729,20240730,trail,58400,59705.99999999999,63775,54150,63775,69550,5.27,73,B,0,true
055550,20240820,20240827,trail,57200,60077.99999999999,64035,51610,64035,71490,8.02,70,B,0,true
055550,20250610,20250708,t2,60300,69280,64840,57440,64840,69280,10.73,72,B,0,true
055550,20250728,20250729,stop,70600,65500,,66305,78542.5,85885,-7.62,74,B,0,false
055550,20250807,20250828,time,68500,66100,,64733,76670.5,83833,-3.92,79,B,0,false
055550,20250911,20251013,ma5_close,67200,70400,71616,63266,71616,76626,5.21,71,B,0,true
055550,20251017,20251023,ma5_close,72000,73300,76182,67407,76182,81447,3.36,77,B,0,true
055550,20251107,20251127,time,80700,78300,,73940,87090,94980,-3.39,70,B,0,false
055550,20251223,20251229,stop,78200,75311,,75311,84323.5,89731,-4.11,75,B,0,false
055550,20260106,20260202,ma5_close,79600,82500,83722.5,74685,83722.5,89145,3.96,85,B,0,true
055550,20260205,20260212,t2,90300,107190,98745,84670,98745,107190,13.54,70,B,0,true
055550,20260413,20260506,time,96900,97300,,90150,111525,124350,-0.02,80,B,0,false
055550,20260526,20260528,stop,98200,92123,,92123,107573,116843,-6.59,79,B,0,false
055550,20260604,20260608,trail,96800,102114,106421,88496,106421,117176,7.25,70,B,0,true
055550,20260810,20260831,time,108200,108900,,99150,126275,142550,0.21,73,B,0,false
055550,20260902,20260917,eod_open,110500,113100,,99852,118427,129572,1.91,75,B,0,false
058470,20231228,20240131,time,206000,198900,,183417,239117,272537,-3.86,72,B,0,false
058470,20240214,20240306,time,209000,207000,,195450,254325,289650,-1.38,80,A,0,false
058470,20240329,20240422,time,259500,249500,,227650,303525,349050,-4.27,71,B,0,false
058470,20240508,20240517,stop,296000,267000,,267000,344500,391000,-10.18,75,B,0,false
058470,20240611,20240621,stop,271000,249478,,249478,314478,353478,-8.34,73,B,0,false
058470,20250313,20250326,stop,214000,198563,,198563,247013,276083,-7.61,72,B,0,false
058470,20251010,20251021,ma5_close,55000,56800,59090,49940,59090,64580,4.9,80,B,0,true
058470,20251107,20251202,trail,56500,65378.99999999999,65700,53053,65128,72373,15.5,80,B,0,true
058470,20260107,20260109,stop,65700,61875,,61875,72937.5,79575,-6.23,75,B,0,false
058470,20260220,20260304,trail,99400,112700,119075,86950,119075,138350,16.09,71,B,0,true
058470,20260406,20260427,time,109200,109800,,95653,132503,154613,0.12,83,A,0,false
061250,20231013,20231019,stop,2195,1927.4,,1927.4,2446.4,2757.8,-12.57,70,B,0,false
062970,20260511,20260519,stop,3410,2516,,2516,4588.5,5832,-26.53,73,B,0,false
064760,20240508,20240520,stop,125900,112924,,112924,153499,177844,-10.69,75,B,0,false
064760,20240701,20240718,stop,133400,116332,,116332,155532,179052,-13.17,81,B,0,false
064760,20250317,20250327,stop,93900,83750,,83750,102375,113550,-11.19,71,B,0,false
064760,20250605,20250702,ma5_close,95400,103400,105720,87020,105720,116940,9.13,75,B,0,true
064760,20250730,20250901,time,105800,102900,,99400,118650,130200,-3.16,78,B,0,false
064760,20250911,20250916,t2,118500,144660,130380,106580,130380,144660,15.55,73,B,0,true
064760,20251111,20251118,stop,171000,155345,,155345,197370,222585,-9.55,77,B,0,false
064760,20260227,20260304,stop,225000,197620,,197620,294820,353140,-12.55,75,B,0,false
064760,20260409,20260420,trail,237500,290160,291022,196897,291022,347497,21.83,81,B,0,true
064760,20260512,20260518,stop,316500,277400,,277400,373900,431800,-12.73,79,B,0,false
066570,20231107,20231127,time,105000,104100,,98619,115569,125739,-1.28,75,B,0,false
066570,20240313,20240402,time,98700,96500,,92913,103238,109433,-2.65,75,B,0,false
066570,20240619,20240701,ma5_close,103500,109600,112087,94737,112087,122497,6.64,75,B,0,true
066570,20240717,20240730,stop,112500,103800,,104360,120035,129440,-8.13,72,B,0,false
066570,20250715,20250804,time,77100,75800,,70774,83049,90414,-2.11,82,B,0,false
066570,20250814,20250829,stop,78500,74255,,74255,83080,88375,-5.81,70,B,0,false
066570,20250915,20250924,trail,77000,77934,81300,73632.4,80308.9,84314.8,2.95,71,B,0,true
066570,20251013,20251020,t2,77800,89128,83623,74448,83623,89128,10.55,84,B,0,true
066570,20251107,20251119,stop,91100,85470,,85470,101045,110390,-6.58,78,B,0,false
066570,20251222,20260114,time,94800,92500,,86472,101822,111032,-2.85,80,B,0,false
066570,20260119,20260121,trail,97700,101649,109200,92220,107670,116940,7.44,79,B,0,true
066570,20260205,20260212,trail,101800,119690.99999999999,114746,90271,114746,129431,14.65,77,B,0,true
067290,20260219,20260224,trail,2190,2430,2662.6,1841.6,2662.6,3155.2,15.77,78,B,0,true
068270,20231211,20231215,trail,169400,171957,177334,159434,177334,188074,2.65,83,A,0,true
068270,20240214,20240306,time,184800,180600,,170149,202824,222429,-2.69,72,B,0,false
068270,20240607,20240621,stop,191800,177883,,177883,202208,216803,-7.65,78,B,0,false
068270,20240808,20240829,time,197200,199000,,178501,221201,246821,0.48,70,B,0,false
068270,20241014,20241023,stop,199100,185811,,185811,213536,230171,-7.08,72,B,0,false
068270,20250227,20250228,stop,187600,181100,,181230,201405,213510,-3.88,70,B,0,false
068270,20250704,20250725,ma5_close,171700,178000,187300,165250,182875,193450,5.92,73,B,0,true
068270,20250807,20250807,stop,177700,171519,,171519,193094,206039,-3.89,84,B,0,false
068270,20251209,20251230,time,186600,181000,,174450,206587.5,225870,-3.42,70,B,0,false
068270,20260105,20260107,stop_be,202500,202500,215250,194000,215250,228000,2.71,75,B,0,true
068270,20260129,20260226,ma5_close,216500,242000,236413,195513,236413,260953,10.01,77,B,0,true
072950,20240131,20240314,time,5770,5820,,4706,7791,9642,0.43,74,B,0,false
081180,20260109,20260121,stop,16310,13614,,13614,20329,24358,-16.89,75,B,0,false
081180,20260130,20260206,stop,16600,14899,,14899,19651.5,22503,-10.63,78,B,0,false
084370,20230831,20230905,trail,33500,37200,37135,30035,37135,41395,10.47,73,B,0,true
084370,20230913,20230920,trail,37850,41338.5,42892.5,34155,42892.5,48135,10.79,71,B,0,true
084370,20231013,20231123,time,41900,42050,,35966,47878.5,55026,-0.07,74,B,0,false
084370,20240527,20240617,time,50200,49800,,46258,60233,68618,-1.22,70,B,0,false
084370,20240620,20240701,stop,55500,48815,,48815,63527.5,72355,-12.42,77,B,0,false
084370,20250324,20250326,stop,45000,40740,,40740,51390,57780,-9.86,75,B,0,false
084370,20250731,20250804,stop,45700,41500,,41540,53065,59980,-9.58,83,A,0,false
084370,20250811,20250820,trail,44500,47895,50069,40019,50069,56099,9.6,76,B,0,true
084370,20250910,20250917,t2,49700,59762,54114.5,44702,54114.5,59762,14.07,83,A,0,true
084370,20260409,20260430,time,130800,130000,,116240,159640,185680,-1.04,80,B,0,false
084370,20260508,20260512,stop,142700,129650,,129650,172775,198650,-9.54,70,B,0,false
086520,20240313,20240402,time,618000,610000,,548064,696564,785664,-1.72,81,B,0,false
086520,20250704,20250801,time,47550,47700,,43605,54842.5,61585,-0.12,72,B,0,false
086520,20251114,20251121,stop,91300,78500,,78500,119000,143300,-14.39,73,B,0,false
086520,20260114,20260127,t2,97300,130917,114274.5,86537,114274.5,130917,25.46,92,A,0,true
086520,20260227,20260304,stop,180500,154300,,156490,225765,267330,-14.88,72,B,0,false
086790,20231010,20231030,stop,43150,40600,,40603,45278,48083,-6.31,76,B,0,false
086790,20231107,20231109,stop,41450,40250,,40275,45700,48955,-3.31,72,B,0,false
086790,20231115,20231205,time,42050,41600,,39266,44466,47586,-1.5,73,B,0,false
086790,20240116,20240129,t2,42250,46525,44222.5,40385,44222.5,46525,6.93,70,B,0,true
086790,20240229,20240318,trail,55000,60077.99999999999,64509.5,49072,64509.5,73772,12.77,78,B,0,true
086790,20240423,20240522,ma5_close,58000,62300,64549,51499,64549,72379,8.88,80,B,0,true
086790,20240722,20240805,stop,62500,57520,,57520,66920,72560,-8.36,70,B,0,false
086790,20240822,20240909,stop,64800,60540,,60540,72940,80380,-6.98,70,B,0,false
086790,20250227,20250305,stop,62000,59177,,59177,65802,69777,-4.96,76,B,0,false
086790,20250313,20250402,time,60600,60600,,56910,63785,67910,-0.43,76,B,0,false
086790,20250605,20250627,t2,73200,85045,79772.5,70985,79772.5,85045,12.1,75,B,0,true
086790,20250807,20250808,stop,85900,84233,,84233,99183,108153,-2.36,70,B,0,false
086790,20251021,20251110,t2,88400,98205,92325,82525,92325,98205,7.3,77,B,0,true
086790,20251203,20251223,time,96700,93000,,87325,103725,113565,-4.24,72,B,0,false
086790,20251226,20260128,t2,94700,106640,100535,90360,100535,106640,8.92,80,B,0,true
086790,20260427,20260518,stop,125100,114280,,114280,136830,150360,-9.04,71,B,0,false
086790,20260526,20260528,stop,123000,114526,,114526,139001,153686,-7.29,73,B,0,false
086790,20260713,20260803,time,130100,126900,,115770,147595,166690,-2.88,80,A,0,false
086790,20260810,20260902,time,133700,134900,,117577,152427,173337,0.46,73,B,0,false
086790,20260904,20260917,eod_open,139500,137300,,129640,154290,169080,-2,72,B,0,false
087010,20240419,20240513,trail,26550,30178.499999999996,32209,22484,32209,38044,16.99,79,B,0,true
087010,20240524,20240530,trail,33150,36735,38845,28270,38845,45190,13.51,73,B,0,true
087010,20250611,20250630,stop,198300,163739,,163739,260289,318219,-17.78,70,B,0,false
087010,20250912,20250924,stop,318000,275233,,275233,371983,430033,-13.82,87,A,0,false
087010,20251001,20251014,stop,300000,266367,,266367,349492,399367,-11.59,79,B,0,false
087010,20260402,20260422,time,309500,253000,,245344,400531.5,493644,-18.61,81,B,0,false
087010,20260528,20260608,stop,288500,243000,,244400,352150,416800,-16.13,70,B,0,false
088350,20240315,20240327,stop,3260,3007,,3007,3677,4079,-8.16,83,B,0,false
088350,20240801,20240805,stop,3095,2871,,2871,3348.5,3635,-7.64,78,B,0,false
088350,20240821,20240910,time,3035,2910,,2748,3300.5,3632,-4.53,75,B,0,false
088350,20250313,20250402,time,2675,2570,,2479,2956.5,3243,-4.34,77,B,0,false
088350,20250625,20250711,t2,3395,4305,3844.25,3095.5,3844.25,4293.5,19.5,80,A,0,true
088350,20260409,20260508,time,4780,4800,,4196.5,5700.25,6602.5,-0.01,84,B,0,false
088350,20260515,20260528,stop,5500,4962.5,,4962.5,6281.25,7072.5,-10.16,70,B,0,false
088350,20260827,20260904,trail,5600,6060,6506.25,4962.5,6506.25,7432.5,11.72,70,B,0,true
088800,20240220,20240304,stop,2825,2090,,2262,3632,4454,-26.34,87,A,0,false
093370,20231130,20231220,time,12050,12080,,11456,13016,13952,-0.18,70,B,0,false
093370,20260220,20260304,stop,8340,7000,,7391,9418.5,10635,-16.43,79,B,0,false
093370,20260526,20260601,stop,13120,10892,,10892,16504.5,19872,-17.34,78,B,0,false
095340,20231201,20231222,time,86400,86000,,75140,103190,120020,-0.89,78,B,0,false
095340,20250123,20250131,stop,76200,67000,,68300,88800,101100,-12.45,73,B,0,false
095340,20250207,20250227,time,73500,67600,,63199,85474,98839,-8.42,71,B,0,false
095340,20250609,20250623,stop,56300,50825,,50825,61762.5,68325,-10.11,72,B,0,false
095340,20250704,20250724,time,61300,58900,,54970,70795,80290,-4.33,84,B,0,false
095340,20250729,20250819,time,61300,61000,,55711,69461,77711,-0.92,83,B,0,false
095340,20250905,20250919,t2,62700,77670,70485,58510,70485,77670,17.64,78,B,0,true
095340,20251014,20251103,time,82900,80600,,74495,91257.5,101315,-3.19,70,B,0,false
095340,20251107,20251125,t1+t2,77900,105807,94800,72007,93132,105807,28.21,76,B,0,true
095340,20260105,20260106,stop,122000,109610,,109610,135585,151170,-10.54,71,B,0,false
095340,20260123,20260130,t2,104100,143846,126491,97566,126491,143846,29.29,79,B,0,true
095340,20260409,20260414,stop,254500,212420,,212420,323870,390740,-16.89,82,A,0,false
095340,20260422,20260515,time,237000,224500,,198303,309178,375703,-5.68,76,B,0,false
095610,20240517,20240527,stop,23900,22309,,22309,30684,35709,-7.06,74,B,0,false
095610,20250313,20250402,time,23900,22000,,20860,26835,30420,-8.35,78,B,0,false
095610,20250618,20250722,time,25300,25250,,23210,28935,32370,-0.63,72,B,0,false
095610,20250731,20250805,stop,26600,23706,,23706,30856,35146,-11.26,78,B,0,false
095610,20250911,20250915,t2,33200,41850,36308.75,29877.5,36308.75,40167.5,17.2,71,B,0,true
095610,20251023,20251105,stop,45500,40338,,40338,53350.5,61158,-11.73,83,B,0,false
095610,20251113,20251121,stop,44550,38561,,38561,56748.5,67661,-13.82,77,B,0,false
095610,20260507,20260512,trail,90400,102579,106665,78390,106665,123630,15.24,84,B,0,true